id,subfolder,target,pa_amod
viral/deu_news_1995_1M-sentences.txt/3589715,1995-2000,"[('viral/ADJ',)]","[('Gen',)]"
viral/deu_news_1995_1M-sentences.txt/5615020,1995-2000,"[('viral/ADJ',)]","[('Pyrogene',)]"
viral/deu_news_1995_1M-sentences.txt/8050421,1995-2000,"[('viral/ADJ',)]","[('Systeme',)]"
viral/deu_news_1995_1M-sentences.txt/9954933,1995-2000,"[('viral/ADJ',)]","[('Gentransfers',)]"
viral/deu_news_1995_1M-sentences.txt/10697085,1995-2000,"[('viral/ADJ',)]","[('Infektionen',)]"
viral/deu_news_1996_1M-sentences.txt/3064311,1995-2000,"[('viral/ADJ',)]","[('Erbmaterial',)]"
viral/deu_news_1996_1M-sentences.txt/4106465,1995-2000,"[('viral/ADJ',)]","[('Kerneiweißes',)]"
viral/deu_news_1996_1M-sentences.txt/9502685,1995-2000,"[('viral/ADJ',)]","[('Infekte',)]"
viral/deu_news_1996_1M-sentences.txt/12194428,1995-2000,"[('viral/ADJ',)]","[('Protein',)]"
viral/deu_news_1996_1M-sentences.txt/13150162,1995-2000,"[('viral/ADJ',)]","[('Erbinformation',)]"
viral/deu_news_1996_1M-sentences.txt/15255121,1995-2000,"[('viral/ADJ',)]","[('Tumorentstehung',)]"
viral/deu_news_1996_1M-sentences.txt/17057573,1995-2000,"[('viral/ADJ',)]","[('Enzym',)]"
viral/deu_news_1996_1M-sentences.txt/18120235,1995-2000,"[('viral/ADJ',)]","[('Laryngitis',)]"
viral/deu_news_1996_1M-sentences.txt/21052100,1995-2000,"[('viral/ADJ',)]","[('Genfähren',)]"
viral/deu_news_1997_1M-sentences.txt/4524115,1995-2000,"[('viral/ADJ',)]","[('Waffen',)]"
viral/deu_news_1997_1M-sentences.txt/5056473,1995-2000,"[('viral/ADJ',)]","[('Substanz',)]"
viral/deu_news_1997_1M-sentences.txt/11996636,1995-2000,"[('viral/ADJ',)]","[('Infektionen',)]"
viral/deu_news_1997_1M-sentences.txt/13412112,1995-2000,"[('viral/ADJ',)]","[('Infektionen',)]"
viral/deu_news_1997_1M-sentences.txt/15691014,1995-2000,"[('viral/ADJ',)]","[('Fieber',)]"
viral/deu_news_1997_1M-sentences.txt/18715024,1995-2000,"[('viral/ADJ',)]","[('Kniffe',)]"
viral/deu_news_1997_1M-sentences.txt/19802223,1995-2000,"[('viral/ADJ',)]","[('Übeltäter',)]"
viral/deu_news_1998_1M-sentences.txt/1524439,1995-2000,"[('viral/ADJ',)]","[('DNA',)]"
viral/deu_news_1998_1M-sentences.txt/1817762,1995-2000,"[('viral/ADJ',)]","[('Infektion',)]"
viral/deu_news_1998_1M-sentences.txt/2182719,1995-2000,"[('viral/ADJ',)]","[('Herzerkrankungen',)]"
viral/deu_news_1998_1M-sentences.txt/5303362,1995-2000,"[('viral/ADJ',)]","[('Tierkrankheiten',)]"
viral/deu_news_1998_1M-sentences.txt/12712893,1995-2000,"[('viral/ADJ',)]","[('Erkrankungen',)]"
viral/deu_news_1998_1M-sentences.txt/14232057,1995-2000,"[('viral/ADJ',)]","[('Vektortransfer',)]"
viral/deu_news_1998_1M-sentences.txt/16364544,1995-2000,"[('viral/ADJ',)]","[('Genen',)]"
viral/deu_news_1998_1M-sentences.txt/19275385,1995-2000,"[('viral/ADJ',)]","[('Erreger',)]"
viral/deu_news_1998_1M-sentences.txt/20201169,1995-2000,"[('viral/ADJ',)]","[('Effekt',)]"
viral/deu_news_1999_1M-sentences.txt/1594055,1995-2000,"[('viral/ADJ',)]","[('Proteins',)]"
viral/deu_news_1999_1M-sentences.txt/3173962,1995-2000,"[('viral/ADJ',)]","[('Infekte',)]"
viral/deu_news_1999_1M-sentences.txt/3729842,1995-2000,"[('viral/ADJ',)]","[('Oberflächenmoleküle',)]"
viral/deu_news_1999_1M-sentences.txt/6933848,1995-2000,"[('viral/ADJ',)]","[('DNA',)]"
viral/deu_news_1999_1M-sentences.txt/7404422,1995-2000,"[('viral/ADJ',)]","[('Gene',)]"
viral/deu_news_1999_1M-sentences.txt/10895798,1995-2000,"[('viral/ADJ',)]","[('Proteinen',)]"
viral/deu_news_1999_1M-sentences.txt/13420633,1995-2000,"[('viral/ADJ',)]","[('Gene',)]"
viral/deu_news_1999_1M-sentences.txt/20304589,1995-2000,"[('viral/ADJ',)]","[('Gene',)]"
viral/deu_news_2000_1M-sentences.txt/7235552,1995-2000,"[('viral/ADJ',)]","[('Erbgut',)]"
viral/deu_news_2000_1M-sentences.txt/13598049,1995-2000,"[('viral/ADJ',)]","[('Übeltäter',)]"
viral/deu_news_2000_1M-sentences.txt/16067254,1995-2000,"[('viral/ADJ',)]","[('Genfähren',)]"
viral/deu_news_2000_1M-sentences.txt/18851215,1995-2000,"[('viral/ADJ',)]","[('Marketing',)]"
viral/deu_news_2001_1M-sentences.txt/1879332,2001-2005,"[('viral/ADJ',)]","[('Meningitis',)]"
viral/deu_news_2001_1M-sentences.txt/5785001,2001-2005,"[('viral/ADJ',)]","[('Effekt',)]"
viral/deu_news_2001_1M-sentences.txt/7584000,2001-2005,"[('viral/ADJ',)]","[('Marketing',)]"
viral/deu_news_2001_1M-sentences.txt/17819656,2001-2005,"[('viral/ADJ',)]","[('Eiweiße',)]"
viral/deu_news_2002_1M-sentences.txt/21229073,2001-2005,"[('viral/ADJ',)]","[('Erbsubstanz',)]"
viral/deu_news_2003_1M-sentences.txt/670116,2001-2005,"[('viral/ADJ',)]","[('Erbguts',)]"
viral/deu_news_2003_1M-sentences.txt/5672607,2001-2005,"[('viral/ADJ',)]","[('Giftstoffen',)]"
viral/deu_news_2003_1M-sentences.txt/10575363,2001-2005,"[('viral/ADJ',)]","[('Telekommunikation',)]"
viral/deu_news_2003_1M-sentences.txt/13092146,2001-2005,"[('viral/ADJ',)]","[('Infektionskrankheiten',)]"
viral/deu_news_2003_1M-sentences.txt/15649124,2001-2005,"[('viral/ADJ',)]","[('Genoms',)]"
viral/deu_news_2003_1M-sentences.txt/17193930,2001-2005,"[('viral/ADJ',)]","[('Enzym',)]"
viral/deu_news_2004_1M-sentences.txt/1313144,2001-2005,"[('viral/ADJ',)]","[('Marketing',)]"
viral/deu_news_2004_1M-sentences.txt/2288140,2001-2005,"[('viral/ADJ',)]","[('Infektionen',)]"
viral/deu_news_2004_1M-sentences.txt/4966661,2001-2005,"[('viral/ADJ',)]","[('Mischlinge',)]"
viral/deu_news_2004_1M-sentences.txt/5656397,2001-2005,"[('viral/ADJ',)]","[('Leberentzündung',)]"
viral/deu_news_2004_1M-sentences.txt/6723519,2001-2005,"[('viral/ADJ',)]","[('Meningitis',)]"
viral/deu_news_2004_1M-sentences.txt/16887708,2001-2005,"[('viral/ADJ',)]","[('Marketing',)]"
viral/deu_news_2005_1M-sentences.txt/1360316,2001-2005,"[('viral/ADJ',)]","[('Marketing',)]"
viral/deu_news_2005_1M-sentences.txt/4469061,2001-2005,"[('viral/ADJ',)]","[('Marketing',)]"
viral/deu_news_2005_1M-sentences.txt/4562996,2001-2005,"[('viral/ADJ',)]","[('Therapie',)]"
viral/deu_news_2005_1M-sentences.txt/8283451,2001-2005,"[('viral/ADJ',)]","[('Meningitis',)]"
viral/deu_news_2005_1M-sentences.txt/10489529,2001-2005,"[('viral/ADJ',)]","[('Meningitis',)]"
viral/deu_news_2005_1M-sentences.txt/11178315,2001-2005,"[('viral/ADJ',)]","[('Infektionsfitneß',)]"
viral/deu_news_2005_1M-sentences.txt/12282941,2001-2005,"[('viral/ADJ',)]","[('Impfstoff',)]"
viral/deu_news_2005_1M-sentences.txt/14361344,2001-2005,"[('viral/ADJ',)]","[('Marketing',)]"
viral/deu_news_2005_1M-sentences.txt/16665440,2001-2005,"[('viral/ADJ',)]","[('Erbsubstanz',)]"
viral/deu_news_2005_1M-sentences.txt/20599550,2001-2005,"[('viral/ADJ',)]","[('Erreger',)]"
viral/deu_news_2006_1M-sentences.txt/3679568,2006-2010,"[('viral/ADJ',)]","[('Marketing',)]"
viral/deu_news_2006_1M-sentences.txt/4409697,2006-2010,"[('viral/ADJ',)]","[('Werbung',)]"
viral/deu_news_2006_1M-sentences.txt/7419689,2006-2010,"[('viral/ADJ',)]","[('Werbekampagne',)]"
viral/deu_news_2006_1M-sentences.txt/7539382,2006-2010,"[('viral/ADJ',)]","[('Marketing',)]"
viral/deu_news_2006_1M-sentences.txt/9359505,2006-2010,"[('viral/ADJ',)]","[('Kampagnen',)]"
viral/deu_news_2006_1M-sentences.txt/15117942,2006-2010,"[('viral/ADJ',)]","[('Guerilla',)]"
viral/deu_news_2006_1M-sentences.txt/18522752,2006-2010,"[('viral/ADJ',)]","[('Kampagnen',)]"
viral/deu_news_2006_1M-sentences.txt/19704802,2006-2010,"[('viral/ADJ',)]","[('Marketing',)]"
viral/deu_news_2006_1M-sentences.txt/21112661,2006-2010,"[('viral/ADJ',)]","[('Vermarktern',)]"
viral/deu_news_2007_1M-sentences.txt/380258,2006-2010,"[('viral/ADJ',)]","[('Verbreitung',)]"
viral/deu_news_2007_1M-sentences.txt/991199,2006-2010,"[('viral/ADJ',)]","[('Expansion',)]"
viral/deu_news_2007_1M-sentences.txt/1182562,2006-2010,"[('viral/ADJ',)]","[('Marketing',)]"
viral/deu_news_2007_1M-sentences.txt/1448609,2006-2010,"[('viral/ADJ',)]","[('Verbreitung',)]"
viral/deu_news_2007_1M-sentences.txt/1687729,2006-2010,"[('viral/ADJ',)]","[('Marketing',)]"
viral/deu_news_2007_1M-sentences.txt/2397251,2006-2010,"[('viral/ADJ',)]","[('Zelle',)]"
viral/deu_news_2007_1M-sentences.txt/2827917,2006-2010,"[('viral/ADJ',)]","[('Marketing',)]"
viral/deu_news_2007_1M-sentences.txt/4113530,2006-2010,"[('viral/ADJ',)]","[('Marketing',)]"
viral/deu_news_2007_1M-sentences.txt/5171407,2006-2010,"[('viral/ADJ',)]","[('Marketing',)]"
viral/deu_news_2007_1M-sentences.txt/5310555,2006-2010,"[('viral/ADJ',)]","[('Infektion',)]"
viral/deu_news_2007_1M-sentences.txt/5658320,2006-2010,"[('viral/ADJ',)]","[('Marketing',)]"
viral/deu_news_2007_1M-sentences.txt/5658348,2006-2010,"[('viral/ADJ',)]","[('Marketing',)]"
viral/deu_news_2007_1M-sentences.txt/10827643,2006-2010,"[('viral/ADJ',)]","[('Systemen',)]"
viral/deu_news_2007_1M-sentences.txt/11431523,2006-2010,"[('viral/ADJ',)]","[('Marketing',)]"
viral/deu_news_2007_1M-sentences.txt/12477474,2006-2010,"[('viral/ADJ',)]","[('Marketing',)]"
viral/deu_news_2007_1M-sentences.txt/14452514,2006-2010,"[('viral/ADJ',)]","[('Kampagnen',)]"
viral/deu_news_2007_1M-sentences.txt/15283432,2006-2010,"[('viral/ADJ',)]","[('Protein',)]"
viral/deu_news_2007_1M-sentences.txt/17131839,2006-2010,"[('viral/ADJ',)]","[('Nachricht',)]"
viral/deu_news_2007_1M-sentences.txt/18236057,2006-2010,"[('viral/ADJ',)]","[('Marketing',)]"
viral/deu_news_2007_1M-sentences.txt/18630035,2006-2010,"[('viral/ADJ',)]","[('Kampagnen',)]"
viral/deu_news_2007_1M-sentences.txt/19514967,2006-2010,"[('viral/ADJ',)]","[('Verbreitung',)]"
viral/deu_news_2007_1M-sentences.txt/20126650,2006-2010,"[('viral/ADJ',)]","[('Faktoren',)]"
viral/deu_news_2008_1M-sentences.txt/683266,2006-2010,"[('viral/ADJ',)]","[('Kampagnen',)]"
viral/deu_news_2008_1M-sentences.txt/1744141,2006-2010,"[('viral/ADJ',)]","[('Sport',)]"
viral/deu_news_2008_1M-sentences.txt/1883536,2006-2010,"[('viral/ADJ',)]","[('Infektion',)]"
viral/deu_news_2008_1M-sentences.txt/1883542,2006-2010,"[('viral/ADJ',)]","[('Hüllproteins',)]"
viral/deu_news_2008_1M-sentences.txt/2324291,2006-2010,"[('viral/ADJ',)]","[('Werbekampagne',)]"
viral/deu_news_2008_1M-sentences.txt/2817365,2006-2010,"[('viral/ADJ',)]","[('Verbreitungswege',)]"
viral/deu_news_2008_1M-sentences.txt/4953399,2006-2010,"[('viral/ADJ',)]","[('Marketing',)]"
viral/deu_news_2008_1M-sentences.txt/5145561,2006-2010,"[('viral/ADJ',)]","[('Marketing',)]"
viral/deu_news_2008_1M-sentences.txt/5959202,2006-2010,"[('viral/ADJ',)]","[('Protein',)]"
viral/deu_news_2008_1M-sentences.txt/6718578,2006-2010,"[('viral/ADJ',)]","[('Kraft',)]"
viral/deu_news_2008_1M-sentences.txt/7635999,2006-2010,"[('viral/ADJ',)]","[('Love',)]"
viral/deu_news_2008_1M-sentences.txt/9322854,2006-2010,"[('viral/ADJ',)]","[('Effekte',)]"
viral/deu_news_2008_1M-sentences.txt/9575682,2006-2010,"[('viral/ADJ',)]","[('Proteinen',)]"
viral/deu_news_2008_1M-sentences.txt/10029425,2006-2010,"[('viral/ADJ',)]","[('Marketing',)]"
viral/deu_news_2008_1M-sentences.txt/10588647,2006-2010,"[('viral/ADJ',)]","[('Kampagnen',)]"
viral/deu_news_2008_1M-sentences.txt/12019074,2006-2010,"[('viral/ADJ',)]","[('Infektionen',)]"
viral/deu_news_2008_1M-sentences.txt/12182909,2006-2010,"[('viral/ADJ',)]","[('Verbreitung',)]"
viral/deu_news_2008_1M-sentences.txt/12640060,2006-2010,"[('viral/ADJ',)]","[('Infektionskrankheiten',)]"
viral/deu_news_2008_1M-sentences.txt/13133630,2006-2010,"[('viral/ADJ',)]","[('Infektionskrankheit',)]"
viral/deu_news_2008_1M-sentences.txt/13515141,2006-2010,"[('viral/ADJ',)]","[('Marketings',)]"
viral/deu_news_2008_1M-sentences.txt/14449081,2006-2010,"[('viral/ADJ',)]","[('Marketings',)]"
viral/deu_news_2008_1M-sentences.txt/14905049,2006-2010,"[('viral/ADJ',)]","[('Mechanismus',)]"
viral/deu_news_2008_1M-sentences.txt/15483692,2006-2010,"[('viral/ADJ',)]","[('Kampagnen',)]"
viral/deu_news_2008_1M-sentences.txt/16872932,2006-2010,"[('viral/ADJ',)]","[('Vektortechnologie',)]"
viral/deu_news_2008_1M-sentences.txt/16901915,2006-2010,"[('viral/ADJ',)]","[('Marketings',)]"
viral/deu_news_2008_1M-sentences.txt/19294344,2006-2010,"[('viral/ADJ',)]","[('Marketing',)]"
viral/deu_news_2008_1M-sentences.txt/20571761,2006-2010,"[('viral/ADJ',)]","[('Commercials',)]"
viral/deu_news_2009_1M-sentences.txt/3555491,2006-2010,"[('viral/ADJ',)]","[('Ansprechrate',)]"
viral/deu_news_2009_1M-sentences.txt/6450691,2006-2010,"[('viral/ADJ',)]","[('Filmformat',)]"
viral/deu_news_2009_1M-sentences.txt/8350331,2006-2010,"[('viral/ADJ',)]","[('Souvenirs',)]"
viral/deu_news_2009_1M-sentences.txt/9659503,2006-2010,"[('viral/ADJ',)]","[('Kommunikation',)]"
viral/deu_news_2009_1M-sentences.txt/9700947,2006-2010,"[('viral/ADJ',)]","[('Spots',)]"
viral/deu_news_2009_1M-sentences.txt/9987762,2006-2010,"[('viral/ADJ',)]","[('Effekte',)]"
viral/deu_news_2009_1M-sentences.txt/10093766,2006-2010,"[('viral/ADJ',)]","[('Marketingkampagne',)]"
viral/deu_news_2009_1M-sentences.txt/12877026,2006-2010,"[('viral/ADJ',)]","[('Marketing',)]"
viral/deu_news_2009_1M-sentences.txt/14046797,2006-2010,"[('viral/ADJ',)]","[('Filme',)]"
viral/deu_news_2009_1M-sentences.txt/15078302,2006-2010,"[('viral/ADJ',)]","[('Effekte',)]"
viral/deu_news_2009_1M-sentences.txt/15354902,2006-2010,"[('viral/ADJ',)]","[('Pneumonie',)]"
viral/deu_news_2009_1M-sentences.txt/15460843,2006-2010,"[('viral/ADJ',)]","[('Infektion',)]"
viral/deu_news_2009_1M-sentences.txt/16784780,2006-2010,"[('viral/ADJ',)]","[('Ätiologie',)]"
viral/deu_news_2009_1M-sentences.txt/17073154,2006-2010,"[('viral/ADJ',)]","[('Marketing',)]"
viral/deu_news_2009_1M-sentences.txt/18094560,2006-2010,"[('viral/ADJ',)]","[('Ätiologie',)]"
viral/deu_news_2009_1M-sentences.txt/18148208,2006-2010,"[('viral/ADJ',)]","[('Infektionen',)]"
viral/deu_news_2009_1M-sentences.txt/18738552,2006-2010,"[('viral/ADJ',)]","[('Eiweiß',)]"
viral/deu_news_2009_1M-sentences.txt/18754210,2006-2010,"[('viral/ADJ',)]","[('Aktionen',)]"
viral/deu_news_2009_1M-sentences.txt/20772323,2006-2010,"[('viral/ADJ',)]","[('Ansteckungsrisiko',)]"
viral/deu_news_2010_1M-sentences.txt/811611,2006-2010,"[('viral/ADJ',)]","[('Vektor',)]"
viral/deu_news_2010_1M-sentences.txt/1986770,2006-2010,"[('viral/ADJ',)]","[('Lungenentzündung',)]"
viral/deu_news_2010_1M-sentences.txt/2167739,2006-2010,"[('viral/ADJ',)]","[('Erreger',)]"
viral/deu_news_2010_1M-sentences.txt/2757781,2006-2010,"[('viral/ADJ',)]","[('Videos',)]"
viral/deu_news_2010_1M-sentences.txt/3354567,2006-2010,"[('viral/ADJ',)]","[('Videoportal',)]"
viral/deu_news_2010_1M-sentences.txt/4847030,2006-2010,"[('viral/ADJ',)]","[('Potential',)]"
viral/deu_news_2010_1M-sentences.txt/4847041,2006-2010,"[('viral/ADJ',)]","[('Effekte',)]"
viral/deu_news_2010_1M-sentences.txt/5238381,2006-2010,"[('viral/ADJ',)]","[('Material',)]"
viral/deu_news_2010_1M-sentences.txt/6482578,2006-2010,"[('viral/ADJ',)]","[('Vektoren',)]"
viral/deu_news_2010_1M-sentences.txt/8325485,2006-2010,"[('viral/ADJ',)]","[('Videos',)]"
viral/deu_news_2010_1M-sentences.txt/8410467,2006-2010,"[('viral/ADJ',)]","[('Genfähre',)]"
viral/deu_news_2010_1M-sentences.txt/8783490,2006-2010,"[('viral/ADJ',)]","[('Meningitis',)]"
viral/deu_news_2010_1M-sentences.txt/8867746,2006-2010,"[('viral/ADJ',)]","[('Hype',)]"
viral/deu_news_2010_1M-sentences.txt/10270647,2006-2010,"[('viral/ADJ',)]","[('DNA',)]"
viral/deu_news_2010_1M-sentences.txt/10958832,2006-2010,"[('viral/ADJ',)]","[('News',)]"
viral/deu_news_2010_1M-sentences.txt/16023731,2006-2010,"[('viral/ADJ',)]","[('Videos',)]"
viral/deu_news_2010_1M-sentences.txt/17497358,2006-2010,"[('viral/ADJ',)]","[('Medium',)]"
viral/deu_news_2010_1M-sentences.txt/18745930,2006-2010,"[('viral/ADJ',)]","[('EiweiÃ\x9f',)]"
viral/deu_news_2010_1M-sentences.txt/19583561,2006-2010,"[('viral/ADJ',)]","[('Videos',)]"
viral/deu_news_2010_1M-sentences.txt/19940707,2006-2010,"[('viral/ADJ',)]","[('Marketings',)]"
viral/deu_news_2010_1M-sentences.txt/19940716,2006-2010,"[('viral/ADJ',)]","[('Marketings',)]"
viral/deu_news_2010_1M-sentences.txt/20540789,2006-2010,"[('viral/ADJ',)]","[('Werbespot',)]"
viral/deu_news_2010_1M-sentences.txt/20724669,2006-2010,"[('viral/ADJ',)]","[('Art',)]"
viral/deu_news_2010_1M-sentences.txt/20909975,2006-2010,"[('viral/ADJ',)]","[('Werbespots',)]"
viral/deu_news_2010_1M-sentences.txt/21052374,2006-2010,"[('viral/ADJ',)]","[('Phänomen',)]"
viral/deu_news_2011_1M-sentences.txt/1549279,2011-2015,"[('viral/ADJ',)]","[('Grippeerkrankung',)]"
viral/deu_news_2011_1M-sentences.txt/4150270,2011-2015,"[('viral/ADJ',)]","[('Krankheit',)]"
viral/deu_news_2011_1M-sentences.txt/4946777,2011-2015,"[('viral/ADJ',)]","[('Infektionen',)]"
viral/deu_news_2011_1M-sentences.txt/5955357,2011-2015,"[('viral/ADJ',)]","[('Marketing',)]"
viral/deu_news_2011_1M-sentences.txt/8768444,2011-2015,"[('viral/ADJ',)]","[('Verseuchung',)]"
viral/deu_news_2011_1M-sentences.txt/13018140,2011-2015,"[('viral/ADJ',)]","[('Effekt',)]"
viral/deu_news_2011_1M-sentences.txt/13964039,2011-2015,"[('viral/ADJ',)]","[('Werbe',)]"
viral/deu_news_2011_1M-sentences.txt/14212907,2011-2015,"[('viral/ADJ',)]","[('Infekt',)]"
viral/deu_news_2011_1M-sentences.txt/16269716,2011-2015,"[('viral/ADJ',)]","[('Darminfektionen',)]"
viral/deu_news_2011_1M-sentences.txt/16935404,2011-2015,"[('viral/ADJ',)]","[('Marketing',)]"
viral/deu_news_2011_1M-sentences.txt/17841425,2011-2015,"[('viral/ADJ',)]","[('Kommunikation',)]"
viral/deu_news_2011_1M-sentences.txt/18513682,2011-2015,"[('viral/ADJ',)]","[('Werbung',)]"
viral/deu_news_2011_1M-sentences.txt/18797042,2011-2015,"[('viral/ADJ',)]","[('Effekt',)]"
viral/deu_news_2011_1M-sentences.txt/19263761,2011-2015,"[('viral/ADJ',)]","[('Spot',)]"
viral/deu_news_2011_1M-sentences.txt/19316970,2011-2015,"[('viral/ADJ',)]","[('Web',)]"
viral/deu_news_2012_1M-sentences.txt/853772,2011-2015,"[('viral/ADJ',)]","[('Marketing',)]"
viral/deu_news_2012_1M-sentences.txt/1572927,2011-2015,"[('viral/ADJ',)]","[('Erkrankung',)]"
viral/deu_news_2012_1M-sentences.txt/3686823,2011-2015,"[('viral/ADJ',)]","[('Kampagne',)]"
viral/deu_news_2012_1M-sentences.txt/4752044,2011-2015,"[('viral/ADJ',)]","[('Marketing',)]"
viral/deu_news_2012_1M-sentences.txt/5096811,2011-2015,"[('viral/ADJ',)]","[('Meningitis',)]"
viral/deu_news_2012_1M-sentences.txt/5610387,2011-2015,"[('viral/ADJ',)]","[('DNA',)]"
viral/deu_news_2012_1M-sentences.txt/6646271,2011-2015,"[('viral/ADJ',)]","[('Genoms',)]"
viral/deu_news_2012_1M-sentences.txt/7083541,2011-2015,"[('viral/ADJ',)]","[('Marketingkampagne',)]"
viral/deu_news_2012_1M-sentences.txt/7331105,2011-2015,"[('viral/ADJ',)]","[('Effekte',)]"
viral/deu_news_2012_1M-sentences.txt/8286929,2011-2015,"[('viral/ADJ',)]","[('Werbefilm',)]"
viral/deu_news_2012_1M-sentences.txt/8330379,2011-2015,"[('viral/ADJ',)]","[('Konzepten',)]"
viral/deu_news_2012_1M-sentences.txt/10693664,2011-2015,"[('viral/ADJ',)]","[('Proteinen',)]"
viral/deu_news_2012_1M-sentences.txt/10715660,2011-2015,"[('viral/ADJ',)]","[('YouTube',)]"
viral/deu_news_2012_1M-sentences.txt/10800201,2011-2015,"[('viral/ADJ',)]","[('Kampagnen',)]"
viral/deu_news_2012_1M-sentences.txt/11183050,2011-2015,"[('viral/ADJ',)]","[('Meningitis',)]"
viral/deu_news_2012_1M-sentences.txt/11746040,2011-2015,"[('viral/ADJ',)]","[('Verbreitung',)]"
viral/deu_news_2012_1M-sentences.txt/16203691,2011-2015,"[('viral/ADJ',)]","[('DNA',)]"
viral/deu_news_2012_1M-sentences.txt/19346905,2011-2015,"[('viral/ADJ',)]","[('Marketing',)]"
viral/deu_news_2012_1M-sentences.txt/19814153,2011-2015,"[('viral/ADJ',)]","[('Marketing',)]"
viral/deu_news_2012_1M-sentences.txt/21595265,2011-2015,"[('viral/ADJ',)]","[('Infekte',)]"
viral/deu_news_2012_1M-sentences.txt/21804618,2011-2015,"[('viral/ADJ',)]","[('Erreger',)]"
viral/deu_news_2013_1M-sentences.txt/117731,2011-2015,"[('viral/ADJ',)]","[('Publizieren',)]"
viral/deu_news_2013_1M-sentences.txt/2187903,2011-2015,"[('viral/ADJ',)]","[('Infekt',)]"
viral/deu_news_2013_1M-sentences.txt/3061148,2011-2015,"[('viral/ADJ',)]","[('Hall',)]"
viral/deu_news_2013_1M-sentences.txt/5188516,2011-2015,"[('viral/ADJ',)]","[('Hit',)]"
viral/deu_news_2013_1M-sentences.txt/6578952,2011-2015,"[('viral/ADJ',)]","[('Verbreitung',)]"
viral/deu_news_2013_1M-sentences.txt/9503034,2011-2015,"[('viral/ADJ',)]","[('Erfolg',)]"
viral/deu_news_2013_1M-sentences.txt/10673749,2011-2015,"[('viral/ADJ',)]","[('Infekt',)]"
viral/deu_news_2013_1M-sentences.txt/11164463,2011-2015,"[('viral/ADJ',)]","[('YouTube',)]"
viral/deu_news_2013_1M-sentences.txt/11174180,2011-2015,"[('viral/ADJ',)]","[('Hass',)]"
viral/deu_news_2013_1M-sentences.txt/11700329,2011-2015,"[('viral/ADJ',)]","[('Vektorplattform',)]"
viral/deu_news_2013_1M-sentences.txt/12874027,2011-2015,"[('viral/ADJ',)]","[('Kampagnen',)]"
viral/deu_news_2013_1M-sentences.txt/12903561,2011-2015,"[('viral/ADJ',)]","[('Einladungen',)]"
viral/deu_news_2013_1M-sentences.txt/13414654,2011-2015,"[('viral/ADJ',)]","[('Verbreitung',)]"
viral/deu_news_2013_1M-sentences.txt/17353371,2011-2015,"[('viral/ADJ',)]","[('Phänomens',)]"
viral/deu_news_2013_1M-sentences.txt/17840603,2011-2015,"[('viral/ADJ',)]","[('Marketung',)]"
viral/deu_news_2013_1M-sentences.txt/18745472,2011-2015,"[('viral/ADJ',)]","[('Videos',)]"
viral/deu_news_2014_1M-sentences.txt/400995,2011-2015,"[('viral/ADJ',)]","[('Infekte',)]"
viral/deu_news_2014_1M-sentences.txt/809577,2011-2015,"[('viral/ADJ',)]","[('Marketing',)]"
viral/deu_news_2014_1M-sentences.txt/4338217,2011-2015,"[('viral/ADJ',)]","[('Werbeclips',)]"
viral/deu_news_2014_1M-sentences.txt/4469325,2011-2015,"[('viral/ADJ',)]","[('Hepatitis',)]"
viral/deu_news_2014_1M-sentences.txt/5144039,2011-2015,"[('viral/ADJ',)]","[('Wirkung',)]"
viral/deu_news_2014_1M-sentences.txt/5200538,2011-2015,"[('viral/ADJ',)]","[('Hit',)]"
viral/deu_news_2014_1M-sentences.txt/5813786,2011-2015,"[('viral/ADJ',)]","[('Infektion',)]"
viral/deu_news_2014_1M-sentences.txt/5947381,2011-2015,"[('viral/ADJ',)]","[('Erfolg',)]"
viral/deu_news_2014_1M-sentences.txt/5963935,2011-2015,"[('viral/ADJ',)]","[('Grippe',)]"
viral/deu_news_2014_1M-sentences.txt/6031996,2011-2015,"[('viral/ADJ',)]","[('Marketing',)]"
viral/deu_news_2014_1M-sentences.txt/6965920,2011-2015,"[('viral/ADJ',)]","[('Spendenaktion',)]"
viral/deu_news_2014_1M-sentences.txt/8147315,2011-2015,"[('viral/ADJ',)]","[('Werbevideos',)]"
viral/deu_news_2014_1M-sentences.txt/8358399,2011-2015,"[('viral/ADJ',)]","[('Marketing',)]"
viral/deu_news_2014_1M-sentences.txt/8880821,2011-2015,"[('viral/ADJ',)]","[('Rechenmodell',)]"
viral/deu_news_2014_1M-sentences.txt/9252184,2011-2015,"[('viral/ADJ',)]","[('Internet',)]"
viral/deu_news_2014_1M-sentences.txt/9637380,2011-2015,"[('viral/ADJ',)]","[('Videos',)]"
viral/deu_news_2014_1M-sentences.txt/9879429,2011-2015,"[('viral/ADJ',)]","[('Infektionskrankheiten',)]"
viral/deu_news_2014_1M-sentences.txt/9965389,2011-2015,"[('viral/ADJ',)]","[('Infektion',)]"
viral/deu_news_2014_1M-sentences.txt/10830649,2011-2015,"[('viral/ADJ',)]","[('Videos',)]"
viral/deu_news_2014_1M-sentences.txt/11227179,2011-2015,"[('viral/ADJ',)]","[('Spendenaktionen',)]"
viral/deu_news_2014_1M-sentences.txt/11543264,2011-2015,"[('viral/ADJ',)]","[('Infekten',)]"
viral/deu_news_2014_1M-sentences.txt/11889904,2011-2015,"[('viral/ADJ',)]","[('seeding',)]"
viral/deu_news_2014_1M-sentences.txt/11901086,2011-2015,"[('viral/ADJ',)]","[('Weg',)]"
viral/deu_news_2014_1M-sentences.txt/12125500,2011-2015,"[('viral/ADJ',)]","[('Vektoren',)]"
viral/deu_news_2014_1M-sentences.txt/12776048,2011-2015,"[('viral/ADJ',)]","[('Hits',)]"
viral/deu_news_2014_1M-sentences.txt/13496132,2011-2015,"[('viral/ADJ',)]","[('Freunde',)]"
viral/deu_news_2014_1M-sentences.txt/14228942,2011-2015,"[('viral/ADJ',)]","[('Marketing',)]"
viral/deu_news_2014_1M-sentences.txt/14323355,2011-2015,"[('viral/ADJ',)]","[('Entzündung',)]"
viral/deu_news_2014_1M-sentences.txt/15253744,2011-2015,"[('viral/ADJ',)]","[('Potenzial',)]"
viral/deu_news_2014_1M-sentences.txt/15462154,2011-2015,"[('viral/ADJ',)]","[('Online',)]"
viral/deu_news_2014_1M-sentences.txt/16627933,2011-2015,"[('viral/ADJ',)]","[('Hit',)]"
viral/deu_news_2014_1M-sentences.txt/17429853,2011-2015,"[('viral/ADJ',)]","[('Loops',)]"
viral/deu_news_2014_1M-sentences.txt/17429875,2011-2015,"[('viral/ADJ',)]","[('Loop',)]"
viral/deu_news_2014_1M-sentences.txt/17666350,2011-2015,"[('viral/ADJ',)]","[('Marketing',)]"
viral/deu_news_2014_1M-sentences.txt/18815869,2011-2015,"[('viral/ADJ',)]","[('Hit',)]"
viral/deu_news_2014_1M-sentences.txt/18921547,2011-2015,"[('viral/ADJ',)]","[('Toiletten',)]"
viral/deu_news_2014_1M-sentences.txt/19049041,2011-2015,"[('viral/ADJ',)]","[('Internetvideo',)]"
viral/deu_news_2014_1M-sentences.txt/19828235,2011-2015,"[('viral/ADJ',)]","[('Dynamik',)]"
viral/deu_news_2014_1M-sentences.txt/20174162,2011-2015,"[('viral/ADJ',)]","[('Epidemien',)]"
viral/deu_news_2014_1M-sentences.txt/20478711,2011-2015,"[('viral/ADJ',)]","[('Verbreitungspotential',)]"
viral/deu_news_2014_1M-sentences.txt/20509917,2011-2015,"[('viral/ADJ',)]","[('Weihnachtshits',)]"
viral/deu_news_2014_1M-sentences.txt/20522534,2011-2015,"[('viral/ADJ',)]","[('Foto',)]"
viral/deu_news_2015_1M-sentences.txt/463636,2011-2015,"[('viral/ADJ',)]","[('Videos',)]"
viral/deu_news_2015_1M-sentences.txt/530472,2011-2015,"[('viral/ADJ',)]","[('Erreger',)]"
viral/deu_news_2015_1M-sentences.txt/1010109,2011-2015,"[('viral/ADJ',)]","[('Gentransfervektoren',)]"
viral/deu_news_2015_1M-sentences.txt/1265528,2011-2015,"[('viral/ADJ',)]","[('Faktor',)]"
viral/deu_news_2015_1M-sentences.txt/1416188,2011-2015,"[('viral/ADJ',)]","[('Werbekampagnen',)]"
viral/deu_news_2015_1M-sentences.txt/1868506,2011-2015,"[('viral/ADJ',)]","[('Hit',)]"
viral/deu_news_2015_1M-sentences.txt/4469105,2011-2015,"[('viral/ADJ',)]","[('Video',)]"
viral/deu_news_2015_1M-sentences.txt/5410283,2011-2015,"[('viral/ADJ',)]","[('Hit',)]"
viral/deu_news_2015_1M-sentences.txt/6869508,2011-2015,"[('viral/ADJ',)]","[('Kampagne',)]"
viral/deu_news_2015_1M-sentences.txt/7390359,2011-2015,"[('viral/ADJ',)]","[('Verbreitung',)]"
viral/deu_news_2015_1M-sentences.txt/7398759,2011-2015,"[('viral/ADJ',)]","[('Marketing',)]"
viral/deu_news_2015_1M-sentences.txt/7698268,2011-2015,"[('viral/ADJ',)]","[('Schusswechsel',)]"
viral/deu_news_2015_1M-sentences.txt/7745233,2011-2015,"[('viral/ADJ',)]","[('Marketings',)]"
viral/deu_news_2015_1M-sentences.txt/7761229,2011-2015,"[('viral/ADJ',)]","[('Populismus',)]"
viral/deu_news_2015_1M-sentences.txt/8691242,2011-2015,"[('viral/ADJ',)]","[('Infekt',)]"
viral/deu_news_2015_1M-sentences.txt/8944354,2011-2015,"[('viral/ADJ',)]","[('Verbreitung',)]"
viral/deu_news_2015_1M-sentences.txt/10180266,2011-2015,"[('viral/ADJ',)]","[('Hit',)]"
viral/deu_news_2015_1M-sentences.txt/10694386,2011-2015,"[('viral/ADJ',)]","[('Video',)]"
viral/deu_news_2015_1M-sentences.txt/10803849,2011-2015,"[('viral/ADJ',)]","[('Hit',)]"
viral/deu_news_2015_1M-sentences.txt/10980429,2011-2015,"[('viral/ADJ',)]","[('Hit',)]"
viral/deu_news_2015_1M-sentences.txt/12624189,2011-2015,"[('viral/ADJ',)]","[('Effekt',)]"
viral/deu_news_2015_1M-sentences.txt/14265641,2011-2015,"[('viral/ADJ',)]","[('Hit',)]"
viral/deu_news_2015_1M-sentences.txt/14845861,2011-2015,"[('viral/ADJ',)]","[('Strategie',)]"
viral/deu_news_2015_1M-sentences.txt/15178944,2011-2015,"[('viral/ADJ',)]","[('Infektionen',)]"
viral/deu_news_2015_1M-sentences.txt/15234626,2011-2015,"[('viral/ADJ',)]","[('Online',)]"
viral/deu_news_2015_1M-sentences.txt/16520916,2011-2015,"[('viral/ADJ',)]","[('Blogeintrag',)]"
viral/deu_news_2015_1M-sentences.txt/16768043,2011-2015,"[('viral/ADJ',)]","[('Projekten',)]"
viral/deu_news_2015_1M-sentences.txt/16768057,2011-2015,"[('viral/ADJ',)]","[('Erfolg',)]"
viral/deu_news_2015_1M-sentences.txt/17173029,2011-2015,"[('viral/ADJ',)]","[('Social',)]"
viral/deu_news_2015_1M-sentences.txt/17190049,2011-2015,"[('viral/ADJ',)]","[('Hit',)]"
viral/deu_news_2015_1M-sentences.txt/17609125,2011-2015,"[('viral/ADJ',)]","[('Videos',)]"
viral/deu_news_2015_1M-sentences.txt/17799181,2011-2015,"[('viral/ADJ',)]","[('Marketingaktionen',)]"
viral/deu_news_2015_1M-sentences.txt/18448080,2011-2015,"[('viral/ADJ',)]","[('Variante',)]"
viral/deu_news_2015_1M-sentences.txt/18563764,2011-2015,"[('viral/ADJ',)]","[('Heiratsanträge',)]"
viral/deu_news_2015_1M-sentences.txt/18563778,2011-2015,"[('viral/ADJ',)]","[('Heiratsanträge',)]"
viral/deu_news_2015_1M-sentences.txt/18563789,2011-2015,"[('viral/ADJ',)]","[('Heiratsanträge',)]"
viral/deu_news_2015_1M-sentences.txt/19142783,2011-2015,"[('viral/ADJ',)]","[('Weiterverbreitung',)]"
viral/deu_news_2015_1M-sentences.txt/19550926,2011-2015,"[('viral/ADJ',)]","[('Erreger',)]"
viral/deu_news_2015_1M-sentences.txt/19563031,2011-2015,"[('viral/ADJ',)]","[('Logik',)]"
viral/deu_news_2015_1M-sentences.txt/20380853,2011-2015,"[('viral/ADJ',)]","[('Infekts',)]"
viral/deu_news_2016_1M-sentences.txt/236817,2016-2020,"[('viral/ADJ',)]","[('Erkrankungen',)]"
viral/deu_news_2016_1M-sentences.txt/276410,2016-2020,"[('viral/ADJ',)]","[('Infekten',)]"
viral/deu_news_2016_1M-sentences.txt/509410,2016-2020,"[('viral/ADJ',)]","[('Hepatitis',)]"
viral/deu_news_2016_1M-sentences.txt/1585315,2016-2020,"[('viral/ADJ',)]","[('Erfolgs',)]"
viral/deu_news_2016_1M-sentences.txt/1628011,2016-2020,"[('viral/ADJ',)]","[('Video',)]"
viral/deu_news_2016_1M-sentences.txt/2462658,2016-2020,"[('viral/ADJ',)]","[('Spektrums',)]"
viral/deu_news_2016_1M-sentences.txt/2727387,2016-2020,"[('viral/ADJ',)]","[('Hit',)]"
viral/deu_news_2016_1M-sentences.txt/3014630,2016-2020,"[('viral/ADJ',)]","[('Effekt',)]"
viral/deu_news_2016_1M-sentences.txt/3422658,2016-2020,"[('viral/ADJ',)]","[('Hit',)]"
viral/deu_news_2016_1M-sentences.txt/4127623,2016-2020,"[('viral/ADJ',)]","[('Hit',)]"
viral/deu_news_2016_1M-sentences.txt/4467228,2016-2020,"[('viral/ADJ',)]","[('Guerilla',)]"
viral/deu_news_2016_1M-sentences.txt/4807918,2016-2020,"[('viral/ADJ',)]","[('Hit',)]"
viral/deu_news_2016_1M-sentences.txt/5744376,2016-2020,"[('viral/ADJ',)]","[('Post',)]"
viral/deu_news_2016_1M-sentences.txt/5768251,2016-2020,"[('viral/ADJ',)]","[('DNA',)]"
viral/deu_news_2016_1M-sentences.txt/7037157,2016-2020,"[('viral/ADJ',)]","[('Erkrankungen',)]"
viral/deu_news_2016_1M-sentences.txt/7660410,2016-2020,"[('viral/ADJ',)]","[('Leberentzündungen',)]"
viral/deu_news_2016_1M-sentences.txt/7732954,2016-2020,"[('viral/ADJ',)]","[('Hit',)]"
viral/deu_news_2016_1M-sentences.txt/9173199,2016-2020,"[('viral/ADJ',)]","[('Video',)]"
viral/deu_news_2016_1M-sentences.txt/11077936,2016-2020,"[('viral/ADJ',)]","[('Hit',)]"
viral/deu_news_2016_1M-sentences.txt/11963944,2016-2020,"[('viral/ADJ',)]","[('Hit',)]"
viral/deu_news_2016_1M-sentences.txt/12168850,2016-2020,"[('viral/ADJ',)]","[('Netz',)]"
viral/deu_news_2016_1M-sentences.txt/12782263,2016-2020,"[('viral/ADJ',)]","[('Größen',)]"
viral/deu_news_2016_1M-sentences.txt/14225988,2016-2020,"[('viral/ADJ',)]","[('Beitrag',)]"
viral/deu_news_2016_1M-sentences.txt/14297601,2016-2020,"[('viral/ADJ',)]","[('Hit',)]"
viral/deu_news_2016_1M-sentences.txt/14342020,2016-2020,"[('viral/ADJ',)]","[('Hit',)]"
viral/deu_news_2016_1M-sentences.txt/14777238,2016-2020,"[('viral/ADJ',)]","[('Gangsterrap',)]"
viral/deu_news_2016_1M-sentences.txt/14920239,2016-2020,"[('viral/ADJ',)]","[('Crowdfunding',)]"
viral/deu_news_2016_1M-sentences.txt/15447141,2016-2020,"[('viral/ADJ',)]","[('Straussen',)]"
viral/deu_news_2016_1M-sentences.txt/16097716,2016-2020,"[('viral/ADJ',)]","[('Hit',)]"
viral/deu_news_2016_1M-sentences.txt/16316888,2016-2020,"[('viral/ADJ',)]","[('Kampagnen',)]"
viral/deu_news_2016_1M-sentences.txt/16846200,2016-2020,"[('viral/ADJ',)]","[('Clip',)]"
viral/deu_news_2016_1M-sentences.txt/17134948,2016-2020,"[('viral/ADJ',)]","[('Infekt',)]"
viral/deu_news_2016_1M-sentences.txt/17614298,2016-2020,"[('viral/ADJ',)]","[('Erfolg',)]"
viral/deu_news_2016_1M-sentences.txt/17621860,2016-2020,"[('viral/ADJ',)]","[('Infekts',)]"
viral/deu_news_2016_1M-sentences.txt/18079980,2016-2020,"[('viral/ADJ',)]","[('Hits',)]"
viral/deu_news_2016_1M-sentences.txt/18095495,2016-2020,"[('viral/ADJ',)]","[('Marketing',)]"
viral/deu_news_2016_1M-sentences.txt/18223722,2016-2020,"[('viral/ADJ',)]","[('Verbreitung',)]"
viral/deu_news_2016_1M-sentences.txt/19454916,2016-2020,"[('viral/ADJ',)]","[('Macht',)]"
viral/deu_news_2017_1M-sentences.txt/408155,2016-2020,"[('viral/ADJ',)]","[('Hit',)]"
viral/deu_news_2017_1M-sentences.txt/427406,2016-2020,"[('viral/ADJ',)]","[('Erreger',)]"
viral/deu_news_2017_1M-sentences.txt/1829891,2016-2020,"[('viral/ADJ',)]","[('Urlaubsfoto',)]"
viral/deu_news_2017_1M-sentences.txt/2262872,2016-2020,"[('viral/ADJ',)]","[('Reichweite',)]"
viral/deu_news_2017_1M-sentences.txt/3443132,2016-2020,"[('viral/ADJ',)]","[('Oberflächenprotein',)]"
viral/deu_news_2017_1M-sentences.txt/3472631,2016-2020,"[('viral/ADJ',)]","[('Erbgut',)]"
viral/deu_news_2017_1M-sentences.txt/4149340,2016-2020,"[('viral/ADJ',)]","[('Video',)]"
viral/deu_news_2017_1M-sentences.txt/4424362,2016-2020,"[('viral/ADJ',)]","[('Klick',)]"
viral/deu_news_2017_1M-sentences.txt/5527141,2016-2020,"[('viral/ADJ',)]","[('Hit',)]"
viral/deu_news_2017_1M-sentences.txt/6820484,2016-2020,"[('viral/ADJ',)]","[('Kampagnen',)]"
viral/deu_news_2017_1M-sentences.txt/8482807,2016-2020,"[('viral/ADJ',)]","[('Hit',)]"
viral/deu_news_2017_1M-sentences.txt/10527472,2016-2020,"[('viral/ADJ',)]","[('Licht',)]"
viral/deu_news_2017_1M-sentences.txt/11808796,2016-2020,"[('viral/ADJ',)]","[('Hit',)]"
viral/deu_news_2017_1M-sentences.txt/12133981,2016-2020,"[('viral/ADJ',)]","[('Berg',)]"
viral/deu_news_2017_1M-sentences.txt/13458018,2016-2020,"[('viral/ADJ',)]","[('Phänomene',)]"
viral/deu_news_2017_1M-sentences.txt/14319177,2016-2020,"[('viral/ADJ',)]","[('Immunantwort',)]"
viral/deu_news_2017_1M-sentences.txt/18363950,2016-2020,"[('viral/ADJ',)]","[('Video',)]"
viral/deu_news_2018_1M-sentences.txt/563054,2016-2020,"[('viral/ADJ',)]","[('Wutrede',)]"
viral/deu_news_2018_1M-sentences.txt/1968844,2016-2020,"[('viral/ADJ',)]","[('Angriff',)]"
viral/deu_news_2018_1M-sentences.txt/3291542,2016-2020,"[('viral/ADJ',)]","[('Assays',)]"
viral/deu_news_2018_1M-sentences.txt/3918286,2016-2020,"[('viral/ADJ',)]","[('Marketing',)]"
viral/deu_news_2018_1M-sentences.txt/4002251,2016-2020,"[('viral/ADJ',)]","[('Songs',)]"
viral/deu_news_2018_1M-sentences.txt/5190657,2016-2020,"[('viral/ADJ',)]","[('Autobahn',)]"
viral/deu_news_2018_1M-sentences.txt/5982172,2016-2020,"[('viral/ADJ',)]","[('Hit',)]"
viral/deu_news_2018_1M-sentences.txt/5986685,2016-2020,"[('viral/ADJ',)]","[('Videos',)]"
viral/deu_news_2018_1M-sentences.txt/6709607,2016-2020,"[('viral/ADJ',)]","[('Setpoints',)]"
viral/deu_news_2018_1M-sentences.txt/7197162,2016-2020,"[('viral/ADJ',)]","[('Gehirn',)]"
viral/deu_news_2018_1M-sentences.txt/7437545,2016-2020,"[('viral/ADJ',)]","[('Hit',)]"
viral/deu_news_2018_1M-sentences.txt/11994332,2016-2020,"[('viral/ADJ',)]","[('Hit',)]"
viral/deu_news_2018_1M-sentences.txt/12195017,2016-2020,"[('viral/ADJ',)]","[('Fieber',)]"
viral/deu_news_2018_1M-sentences.txt/14221316,2016-2020,"[('viral/ADJ',)]","[('Zoonosen',)]"
viral/deu_news_2018_1M-sentences.txt/14702878,2016-2020,"[('viral/ADJ',)]","[('Infekt',)]"
viral/deu_news_2018_1M-sentences.txt/15232290,2016-2020,"[('viral/ADJ',)]","[('Infekt',)]"
viral/deu_news_2018_1M-sentences.txt/16490157,2016-2020,"[('viral/ADJ',)]","[('Vektoren',)]"
viral/deu_news_2018_1M-sentences.txt/16548315,2016-2020,"[('viral/ADJ',)]","[('Hit',)]"
viral/deu_news_2018_1M-sentences.txt/16748802,2016-2020,"[('viral/ADJ',)]","[('Hit',)]"
viral/deu_news_2018_1M-sentences.txt/17557151,2016-2020,"[('viral/ADJ',)]","[('Berühmtheit',)]"
viral/deu_news_2018_1M-sentences.txt/18135122,2016-2020,"[('viral/ADJ',)]","[('Hit',)]"
viral/deu_news_2018_1M-sentences.txt/18135145,2016-2020,"[('viral/ADJ',)]","[('Verbreitung',)]"
viral/deu_news_2019_1M-sentences.txt/1364675,2016-2020,"[('viral/ADJ',)]","[('Hit',)]"
viral/deu_news_2019_1M-sentences.txt/1426863,2016-2020,"[('viral/ADJ',)]","[('Infektion',)]"
viral/deu_news_2019_1M-sentences.txt/5423335,2016-2020,"[('viral/ADJ',)]","[('Videos',)]"
viral/deu_news_2019_1M-sentences.txt/5559841,2016-2020,"[('viral/ADJ',)]","[('Hit',)]"
viral/deu_news_2019_1M-sentences.txt/7445007,2016-2020,"[('viral/ADJ',)]","[('Infektion',)]"
viral/deu_news_2019_1M-sentences.txt/9718193,2016-2020,"[('viral/ADJ',)]","[('Infektion',)]"
viral/deu_news_2019_1M-sentences.txt/10589527,2016-2020,"[('viral/ADJ',)]","[('Vektoren',)]"
viral/deu_news_2019_1M-sentences.txt/11784624,2016-2020,"[('viral/ADJ',)]","[('Infekts',)]"
viral/deu_news_2019_1M-sentences.txt/13237807,2016-2020,"[('viral/ADJ',)]","[('Hit',)]"
viral/deu_news_2019_1M-sentences.txt/13755437,2016-2020,"[('viral/ADJ',)]","[('Hepatitis',)]"
viral/deu_news_2019_1M-sentences.txt/14805859,2016-2020,"[('viral/ADJ',)]","[('Infektion',)]"
viral/deu_news_2019_1M-sentences.txt/14995693,2016-2020,"[('viral/ADJ',)]","[('Video',)]"
viral/deu_news_2019_1M-sentences.txt/15691885,2016-2020,"[('viral/ADJ',)]","[('Video',)]"
viral/deu_news_2019_1M-sentences.txt/20200905,2016-2020,"[('viral/ADJ',)]","[('Volltreffer',)]"
viral/deu_news_2019_1M-sentences.txt/20332504,2016-2020,"[('viral/ADJ',)]","[('Vektor',)]"
viral/deu_news_2020_1M-sentences.txt/61749,2016-2020,"[('viral/ADJ',)]","[('Elementarereignis',)]"
viral/deu_news_2020_1M-sentences.txt/1418892,2016-2020,"[('viral/ADJ',)]","[('Krankheitserregern',)]"
viral/deu_news_2020_1M-sentences.txt/1724773,2016-2020,"[('viral/ADJ',)]","[('Anstrengung',)]"
viral/deu_news_2020_1M-sentences.txt/1924846,2016-2020,"[('viral/ADJ',)]","[('Massenmedien',)]"
viral/deu_news_2020_1M-sentences.txt/2060299,2016-2020,"[('viral/ADJ',)]","[('Vektorimpfstoffs',)]"
viral/deu_news_2020_1M-sentences.txt/2148406,2016-2020,"[('viral/ADJ',)]","[('Bronchitis',)]"
viral/deu_news_2020_1M-sentences.txt/2870363,2016-2020,"[('viral/ADJ',)]","[('Gehirn',)]"
viral/deu_news_2020_1M-sentences.txt/4250203,2016-2020,"[('viral/ADJ',)]","[('Genfragmente',)]"
viral/deu_news_2020_1M-sentences.txt/5367005,2016-2020,"[('viral/ADJ',)]","[('Ansteckungsgefahr',)]"
viral/deu_news_2020_1M-sentences.txt/5530597,2016-2020,"[('viral/ADJ',)]","[('RNA',)]"
viral/deu_news_2020_1M-sentences.txt/5530603,2016-2020,"[('viral/ADJ',)]","[('Erbgutpartikel',)]"
viral/deu_news_2020_1M-sentences.txt/5825826,2016-2020,"[('viral/ADJ',)]","[('Infekten',)]"
viral/deu_news_2020_1M-sentences.txt/5890426,2016-2020,"[('viral/ADJ',)]","[('Infektionen',)]"
viral/deu_news_2020_1M-sentences.txt/6554636,2016-2020,"[('viral/ADJ',)]","[('MMR',)]"
viral/deu_news_2020_1M-sentences.txt/6554642,2016-2020,"[('viral/ADJ',)]","[('SR',)]"
viral/deu_news_2020_1M-sentences.txt/6712430,2016-2020,"[('viral/ADJ',)]","[('Krankheitserreger',)]"
viral/deu_news_2020_1M-sentences.txt/6931162,2016-2020,"[('viral/ADJ',)]","[('Videoclips',)]"
viral/deu_news_2020_1M-sentences.txt/7009775,2016-2020,"[('viral/ADJ',)]","[('Atemwegsinfekte',)]"
viral/deu_news_2020_1M-sentences.txt/7584107,2016-2020,"[('viral/ADJ',)]","[('Erbguts',)]"
viral/deu_news_2020_1M-sentences.txt/7654041,2016-2020,"[('viral/ADJ',)]","[('Partikel',)]"
viral/deu_news_2020_1M-sentences.txt/8074972,2016-2020,"[('viral/ADJ',)]","[('Missgeschick',)]"
viral/deu_news_2020_1M-sentences.txt/8431026,2016-2020,"[('viral/ADJ',)]","[('Erbguts',)]"
viral/deu_news_2020_1M-sentences.txt/9041317,2016-2020,"[('viral/ADJ',)]","[('Erkrankungen',)]"
viral/deu_news_2020_1M-sentences.txt/9375640,2016-2020,"[('viral/ADJ',)]","[('Effekt',)]"
viral/deu_news_2020_1M-sentences.txt/9456753,2016-2020,"[('viral/ADJ',)]","[('Posting',)]"
viral/deu_news_2020_1M-sentences.txt/9521749,2016-2020,"[('viral/ADJ',)]","[('Lungenentzündung',)]"
viral/deu_news_2020_1M-sentences.txt/9583057,2016-2020,"[('viral/ADJ',)]","[('Posting',)]"
viral/deu_news_2020_1M-sentences.txt/10192286,2016-2020,"[('viral/ADJ',)]","[('Ergebnis',)]"
viral/deu_news_2020_1M-sentences.txt/11039919,2016-2020,"[('viral/ADJ',)]","[('Hit',)]"
viral/deu_news_2020_1M-sentences.txt/11076643,2016-2020,"[('viral/ADJ',)]","[('Infektion',)]"
viral/deu_news_2020_1M-sentences.txt/11469012,2016-2020,"[('viral/ADJ',)]","[('Impfstoffe',)]"
viral/deu_news_2020_1M-sentences.txt/13250946,2016-2020,"[('viral/ADJ',)]","[('Marketing',)]"
viral/deu_news_2020_1M-sentences.txt/13984869,2016-2020,"[('viral/ADJ',)]","[('Erkrankung',)]"
viral/deu_news_2020_1M-sentences.txt/15034189,2016-2020,"[('viral/ADJ',)]","[('Phänomen',)]"
viral/deu_news_2020_1M-sentences.txt/15493126,2016-2020,"[('viral/ADJ',)]","[('Nukleoprotein',)]"
viral/deu_news_2020_1M-sentences.txt/16645190,2016-2020,"[('viral/ADJ',)]","[('Songs',)]"
viral/deu_news_2020_1M-sentences.txt/18497708,2016-2020,"[('viral/ADJ',)]","[('Infektionen',)]"
viral/deu_news_2020_1M-sentences.txt/18671555,2016-2020,"[('viral/ADJ',)]","[('Lacher',)]"
viral/deu_news_2020_1M-sentences.txt/18782539,2016-2020,"[('viral/ADJ',)]","[('Bedrohungen',)]"
viral/deu_news_2020_1M-sentences.txt/19791603,2016-2020,"[('viral/ADJ',)]","[('Bedrohungen',)]"
viral/deu_news_2020_1M-sentences.txt/19927851,2016-2020,"[('viral/ADJ',)]","[('Dämonen',)]"
viral/deu_news_2020_1M-sentences.txt/20045482,2016-2020,"[('viral/ADJ',)]","[('Hit',)]"
viral/deu_news_2021_1M-sentences.txt/193073,2021-2025,"[('viral/ADJ',)]","[('Stillstandsrhetorik',)]"
viral/deu_news_2021_1M-sentences.txt/225762,2021-2025,"[('viral/ADJ',)]","[('Infektionskrankheiten',)]"
viral/deu_news_2021_1M-sentences.txt/1070116,2021-2025,"[('viral/ADJ',)]","[('Videos',)]"
viral/deu_news_2021_1M-sentences.txt/1908000,2021-2025,"[('viral/ADJ',)]","[('Erregern',)]"
viral/deu_news_2021_1M-sentences.txt/2962838,2021-2025,"[('viral/ADJ',)]","[('Eindringlinge',)]"
viral/deu_news_2021_1M-sentences.txt/3588191,2021-2025,"[('viral/ADJ',)]","[('Spike',)]"
viral/deu_news_2021_1M-sentences.txt/3719502,2021-2025,"[('viral/ADJ',)]","[('Video',)]"
viral/deu_news_2021_1M-sentences.txt/4209623,2021-2025,"[('viral/ADJ',)]","[('Impfstoffe',)]"
viral/deu_news_2021_1M-sentences.txt/4542187,2021-2025,"[('viral/ADJ',)]","[('Hit',)]"
viral/deu_news_2021_1M-sentences.txt/4763300,2021-2025,"[('viral/ADJ',)]","[('Input',)]"
viral/deu_news_2021_1M-sentences.txt/7342252,2021-2025,"[('viral/ADJ',)]","[('Internet',)]"
viral/deu_news_2021_1M-sentences.txt/7381947,2021-2025,"[('viral/ADJ',)]","[('Variante',)]"
viral/deu_news_2021_1M-sentences.txt/7657138,2021-2025,"[('viral/ADJ',)]","[('Erbguts',)]"
viral/deu_news_2021_1M-sentences.txt/7862119,2021-2025,"[('viral/ADJ',)]","[('Vektor',)]"
viral/deu_news_2021_1M-sentences.txt/7931042,2021-2025,"[('viral/ADJ',)]","[('Proteinen',)]"
viral/deu_news_2021_1M-sentences.txt/9231492,2021-2025,"[('viral/ADJ',)]","[('Hit',)]"
viral/deu_news_2021_1M-sentences.txt/9302793,2021-2025,"[('viral/ADJ',)]","[('Genfähre',)]"
viral/deu_news_2021_1M-sentences.txt/10697996,2021-2025,"[('viral/ADJ',)]","[('Pandemien',)]"
viral/deu_news_2021_1M-sentences.txt/10768023,2021-2025,"[('viral/ADJ',)]","[('Testspiel',)]"
viral/deu_news_2021_1M-sentences.txt/11254881,2021-2025,"[('viral/ADJ',)]","[('Last',)]"
viral/deu_news_2021_1M-sentences.txt/11730002,2021-2025,"[('viral/ADJ',)]","[('Infekte',)]"
viral/deu_news_2021_1M-sentences.txt/12936429,2021-2025,"[('viral/ADJ',)]","[('Post',)]"
viral/deu_news_2021_1M-sentences.txt/13222215,2021-2025,"[('viral/ADJ',)]","[('PR',)]"
viral/deu_news_2021_1M-sentences.txt/13716925,2021-2025,"[('viral/ADJ',)]","[('Hüllproteins',)]"
viral/deu_news_2021_1M-sentences.txt/14426471,2021-2025,"[('viral/ADJ',)]","[('mRNA',)]"
viral/deu_news_2021_1M-sentences.txt/14576942,2021-2025,"[('viral/ADJ',)]","[('Hit',)]"
viral/deu_news_2021_1M-sentences.txt/14716709,2021-2025,"[('viral/ADJ',)]","[('Impfstoffplattformen',)]"
viral/deu_news_2021_1M-sentences.txt/14890555,2021-2025,"[('viral/ADJ',)]","[('Spike',)]"
viral/deu_news_2021_1M-sentences.txt/14948330,2021-2025,"[('viral/ADJ',)]","[('NFT',)]"
viral/deu_news_2021_1M-sentences.txt/15220310,2021-2025,"[('viral/ADJ',)]","[('Kopf',)]"
viral/deu_news_2021_1M-sentences.txt/15317058,2021-2025,"[('viral/ADJ',)]","[('Reproduktion',)]"
viral/deu_news_2021_1M-sentences.txt/15936172,2021-2025,"[('viral/ADJ',)]","[('Vektor',)]"
viral/deu_news_2021_1M-sentences.txt/16790187,2021-2025,"[('viral/ADJ',)]","[('Postings',)]"
viral/deu_news_2021_1M-sentences.txt/18574168,2021-2025,"[('viral/ADJ',)]","[('Humor',)]"
viral/deu_news_2021_1M-sentences.txt/18574182,2021-2025,"[('viral/ADJ',)]","[('Clips',)]"
viral/deu_news_2021_1M-sentences.txt/18574206,2021-2025,"[('viral/ADJ',)]","[('Haaland',)]"
viral/deu_news_2021_1M-sentences.txt/18574216,2021-2025,"[('viral/ADJ',)]","[('Video',)]"
viral/deu_news_2021_1M-sentences.txt/19211622,2021-2025,"[('viral/ADJ',)]","[('Hit',)]"
viral/deu_news_2021_1M-sentences.txt/19601818,2021-2025,"[('viral/ADJ',)]","[('Hits',)]"
viral/deu_news_2021_1M-sentences.txt/19842172,2021-2025,"[('viral/ADJ',)]","[('Vektoren',)]"
viral/deu_news_2021_1M-sentences.txt/19953627,2021-2025,"[('viral/ADJ',)]","[('Bedrohungen',)]"
viral/deu_news_2021_1M-sentences.txt/20065252,2021-2025,"[('viral/ADJ',)]","[('Vektorplattform',)]"
viral/deu_news_2021_1M-sentences.txt/20683748,2021-2025,"[('viral/ADJ',)]","[('RNA',)]"
viral/deu_news_2022_1M-sentences.txt/271076,2021-2025,"[('viral/ADJ',)]","[('Video',)]"
viral/deu_news_2022_1M-sentences.txt/405173,2021-2025,"[('viral/ADJ',)]","[('Atemwegserkrankungen',)]"
viral/deu_news_2022_1M-sentences.txt/1076754,2021-2025,"[('viral/ADJ',)]","[('Video',)]"
viral/deu_news_2022_1M-sentences.txt/1656779,2021-2025,"[('viral/ADJ',)]","[('Weg',)]"
viral/deu_news_2022_1M-sentences.txt/2519774,2021-2025,"[('viral/ADJ',)]","[('Proteine',)]"
viral/deu_news_2022_1M-sentences.txt/3832205,2021-2025,"[('viral/ADJ',)]","[('Hype',)]"
viral/deu_news_2022_1M-sentences.txt/3841567,2021-2025,"[('viral/ADJ',)]","[('Videos',)]"
viral/deu_news_2022_1M-sentences.txt/4402545,2021-2025,"[('viral/ADJ',)]","[('Erfolg',)]"
viral/deu_news_2022_1M-sentences.txt/4607653,2021-2025,"[('viral/ADJ',)]","[('Video',)]"
viral/deu_news_2022_1M-sentences.txt/4962211,2021-2025,"[('viral/ADJ',)]","[('Hit',)]"
viral/deu_news_2022_1M-sentences.txt/5989753,2021-2025,"[('viral/ADJ',)]","[('Infektionskrankheiten',)]"
viral/deu_news_2022_1M-sentences.txt/6386678,2021-2025,"[('viral/ADJ',)]","[('RNA',)]"
viral/deu_news_2022_1M-sentences.txt/6440960,2021-2025,"[('viral/ADJ',)]","[('Atemwegsinfektion',)]"
viral/deu_news_2022_1M-sentences.txt/6574037,2021-2025,"[('viral/ADJ',)]","[('Clips',)]"
viral/deu_news_2022_1M-sentences.txt/7258643,2021-2025,"[('viral/ADJ',)]","[('â€',)]"
viral/deu_news_2022_1M-sentences.txt/7577734,2021-2025,"[('viral/ADJ',)]","[('Hit',)]"
viral/deu_news_2022_1M-sentences.txt/7853195,2021-2025,"[('viral/ADJ',)]","[('Genom',)]"
viral/deu_news_2022_1M-sentences.txt/8436218,2021-2025,"[('viral/ADJ',)]","[('Vorgängern',)]"
viral/deu_news_2022_1M-sentences.txt/8871561,2021-2025,"[('viral/ADJ',)]","[('Videos',)]"
viral/deu_news_2022_1M-sentences.txt/10672557,2021-2025,"[('viral/ADJ',)]","[('Intra',)]"
viral/deu_news_2022_1M-sentences.txt/13893852,2021-2025,"[('viral/ADJ',)]","[('Tweets',)]"
viral/deu_news_2022_1M-sentences.txt/14026157,2021-2025,"[('viral/ADJ',)]","[('Hit',)]"
viral/deu_news_2022_1M-sentences.txt/14099520,2021-2025,"[('viral/ADJ',)]","[('Begriff',)]"
viral/deu_news_2022_1M-sentences.txt/14215086,2021-2025,"[('viral/ADJ',)]","[('Antigene',)]"
viral/deu_news_2022_1M-sentences.txt/16042685,2021-2025,"[('viral/ADJ',)]","[('Erregern',)]"
viral/deu_news_2022_1M-sentences.txt/16325359,2021-2025,"[('viral/ADJ',)]","[('Erreger',)]"
viral/deu_news_2022_1M-sentences.txt/17323597,2021-2025,"[('viral/ADJ',)]","[('Spike',)]"
viral/deu_news_2022_1M-sentences.txt/18545661,2021-2025,"[('viral/ADJ',)]","[('Tiktok',)]"
viral/deu_news_2022_1M-sentences.txt/20217299,2021-2025,"[('viral/ADJ',)]","[('Vektoren',)]"
viral/deu_news_2023_1M-sentences.txt/481619,2021-2025,"[('viral/ADJ',)]","[('Video',)]"
viral/deu_news_2023_1M-sentences.txt/1117637,2021-2025,"[('viral/ADJ',)]","[('Infekt',)]"
viral/deu_news_2023_1M-sentences.txt/2190987,2021-2025,"[('viral/ADJ',)]","[('Video',)]"
viral/deu_news_2023_1M-sentences.txt/4290887,2021-2025,"[('viral/ADJ',)]","[('Tiktok',)]"
viral/deu_news_2023_1M-sentences.txt/4765477,2021-2025,"[('viral/ADJ',)]","[('Erklärvideo',)]"
viral/deu_news_2023_1M-sentences.txt/5458011,2021-2025,"[('viral/ADJ',)]","[('Kleid',)]"
viral/deu_news_2023_1M-sentences.txt/5873602,2021-2025,"[('viral/ADJ',)]","[('Clip',)]"
viral/deu_news_2023_1M-sentences.txt/6959599,2021-2025,"[('viral/ADJ',)]","[('Hepatitis',)]"
viral/deu_news_2023_1M-sentences.txt/8664745,2021-2025,"[('viral/ADJ',)]","[('Tiervideo',)]"
viral/deu_news_2023_1M-sentences.txt/8801521,2021-2025,"[('viral/ADJ',)]","[('Video',)]"
viral/deu_news_2023_1M-sentences.txt/9000366,2021-2025,"[('viral/ADJ',)]","[('Hit',)]"
viral/deu_news_2023_1M-sentences.txt/9173586,2021-2025,"[('viral/ADJ',)]","[('Video',)]"
viral/deu_news_2023_1M-sentences.txt/9891987,2021-2025,"[('viral/ADJ',)]","[('Erkrankung',)]"
viral/deu_news_2023_1M-sentences.txt/11759310,2021-2025,"[('viral/ADJ',)]","[('Produkt',)]"
viral/deu_news_2023_1M-sentences.txt/11778947,2021-2025,"[('viral/ADJ',)]","[('Video',)]"
viral/deu_news_2023_1M-sentences.txt/12586115,2021-2025,"[('viral/ADJ',)]","[('Videos',)]"
viral/deu_news_2023_1M-sentences.txt/12847990,2021-2025,"[('viral/ADJ',)]","[('Video',)]"
viral/deu_news_2023_1M-sentences.txt/12875590,2021-2025,"[('viral/ADJ',)]","[('Videos',)]"
viral/deu_news_2023_1M-sentences.txt/13027839,2021-2025,"[('viral/ADJ',)]","[('Hit',)]"
viral/deu_news_2023_1M-sentences.txt/14585672,2021-2025,"[('viral/ADJ',)]","[('Momente',)]"
viral/deu_news_2023_1M-sentences.txt/14658660,2021-2025,"[('viral/ADJ',)]","[('Tanzmoment',)]"
viral/deu_news_2023_1M-sentences.txt/15002411,2021-2025,"[('viral/ADJ',)]","[('Erklärvideo',)]"
viral/deu_news_2023_1M-sentences.txt/15237835,2021-2025,"[('viral/ADJ',)]","[('Krankheiten',)]"
viral/deu_news_2023_1M-sentences.txt/15577309,2021-2025,"[('viral/ADJ',)]","[('Infekte',)]"
viral/deu_news_2023_1M-sentences.txt/16324634,2021-2025,"[('viral/ADJ',)]","[('Infektionen',)]"
viral/deu_news_2023_1M-sentences.txt/17134808,2021-2025,"[('viral/ADJ',)]","[('Infektionen',)]"
viral/deu_news_2023_1M-sentences.txt/18519044,2021-2025,"[('viral/ADJ',)]","[('Hits',)]"
viral/deu_news_2023_1M-sentences.txt/18586178,2021-2025,"[('viral/ADJ',)]","[('Trendsettern',)]"
viral/deu_news_2023_1M-sentences.txt/18596843,2021-2025,"[('viral/ADJ',)]","[('Baked',)]"
viral/deu_news_2023_1M-sentences.txt/18987438,2021-2025,"[('viral/ADJ',)]","[('Video',)]"
viral/deu_news_2023_1M-sentences.txt/19702833,2021-2025,"[('viral/ADJ',)]","[('Infekt',)]"
viral/deu_news_2023_1M-sentences.txt/20128905,2021-2025,"[('viral/ADJ',)]","[('Hits',)]"
viral/deu_news_2023_1M-sentences.txt/20421402,2021-2025,"[('viral/ADJ',)]","[('Reaktivierung',)]"
viral/deu_news_2024_1M-sentences.txt/865881,2021-2025,"[('viral/ADJ',)]","[('Erfolge',)]"
viral/deu_news_2024_1M-sentences.txt/1443672,2021-2025,"[('viral/ADJ',)]","[('Infektionen',)]"
viral/deu_news_2024_1M-sentences.txt/1686788,2021-2025,"[('viral/ADJ',)]","[('Hits',)]"
viral/deu_news_2024_1M-sentences.txt/1819925,2021-2025,"[('viral/ADJ',)]","[('Suchergebnisse',)]"
viral/deu_news_2024_1M-sentences.txt/1860762,2021-2025,"[('viral/ADJ',)]","[('Infektionen',)]"
viral/deu_news_2024_1M-sentences.txt/2835171,2021-2025,"[('viral/ADJ',)]","[('Tweet',)]"
viral/deu_news_2024_1M-sentences.txt/2912731,2021-2025,"[('viral/ADJ',)]","[('Ursprungs',)]"
viral/deu_news_2024_1M-sentences.txt/3485863,2021-2025,"[('viral/ADJ',)]","[('Beispiel',)]"
viral/deu_news_2024_1M-sentences.txt/3488605,2021-2025,"[('viral/ADJ',)]","[('Verbreitung',)]"
viral/deu_news_2024_1M-sentences.txt/3659565,2021-2025,"[('viral/ADJ',)]","[('Potenzial',)]"
viral/deu_news_2024_1M-sentences.txt/3798038,2021-2025,"[('viral/ADJ',)]","[('Wirkstoffe',)]"
viral/deu_news_2024_1M-sentences.txt/5198458,2021-2025,"[('viral/ADJ',)]","[('Gerüchte',)]"
viral/deu_news_2024_1M-sentences.txt/5596410,2021-2025,"[('viral/ADJ',)]","[('Infektion',)]"
viral/deu_news_2024_1M-sentences.txt/6662846,2021-2025,"[('viral/ADJ',)]","[('Enzyms',)]"
viral/deu_news_2024_1M-sentences.txt/7054864,2021-2025,"[('viral/ADJ',)]","[('Erfolg',)]"
viral/deu_news_2024_1M-sentences.txt/7169542,2021-2025,"[('viral/ADJ',)]","[('Atemwegsinfektionen',)]"
viral/deu_news_2024_1M-sentences.txt/9018729,2021-2025,"[('viral/ADJ',)]","[('Erbgut',)]"
viral/deu_news_2024_1M-sentences.txt/9120103,2021-2025,"[('viral/ADJ',)]","[('Beliebtheit',)]"
viral/deu_news_2024_1M-sentences.txt/9423031,2021-2025,"[('viral/ADJ',)]","[('LinkedIn',)]"
viral/deu_news_2024_1M-sentences.txt/9569289,2021-2025,"[('viral/ADJ',)]","[('Attacke',)]"
viral/deu_news_2024_1M-sentences.txt/10412239,2021-2025,"[('viral/ADJ',)]","[('Infektionen',)]"
viral/deu_news_2024_1M-sentences.txt/10798665,2021-2025,"[('viral/ADJ',)]","[('Infektionen',)]"
viral/deu_news_2024_1M-sentences.txt/11730232,2021-2025,"[('viral/ADJ',)]","[('Tanz',)]"
viral/deu_news_2024_1M-sentences.txt/12057366,2021-2025,"[('viral/ADJ',)]","[('Ursachen',)]"
viral/deu_news_2024_1M-sentences.txt/12308730,2021-2025,"[('viral/ADJ',)]","[('Syndrom',)]"
viral/deu_news_2024_1M-sentences.txt/12542142,2021-2025,"[('viral/ADJ',)]","[('Bilder',)]"
viral/deu_news_2024_1M-sentences.txt/12790867,2021-2025,"[('viral/ADJ',)]","[('Social',)]"
viral/deu_news_2024_1M-sentences.txt/13756040,2021-2025,"[('viral/ADJ',)]","[('Erkrankungen',)]"
viral/deu_news_2024_1M-sentences.txt/14097066,2021-2025,"[('viral/ADJ',)]","[('Tiktok',)]"
viral/deu_news_2024_1M-sentences.txt/14265104,2021-2025,"[('viral/ADJ',)]","[('Verbreitung',)]"
viral/deu_news_2024_1M-sentences.txt/14696579,2021-2025,"[('viral/ADJ',)]","[('Sensation',)]"
viral/deu_news_2024_1M-sentences.txt/14708502,2021-2025,"[('viral/ADJ',)]","[('Erfolg',)]"
viral/deu_news_2024_1M-sentences.txt/15520316,2021-2025,"[('viral/ADJ',)]","[('Dubai',)]"
viral/deu_news_2024_1M-sentences.txt/15954438,2021-2025,"[('viral/ADJ',)]","[('Trends',)]"
viral/deu_news_2024_1M-sentences.txt/16250835,2021-2025,"[('viral/ADJ',)]","[('Hit',)]"
viral/deu_news_2024_1M-sentences.txt/16585217,2021-2025,"[('viral/ADJ',)]","[('TikTok',)]"
viral/deu_news_2024_1M-sentences.txt/16684018,2021-2025,"[('viral/ADJ',)]","[('Infektionskrankheit',)]"
viral/deu_news_2024_1M-sentences.txt/17082924,2021-2025,"[('viral/ADJ',)]","[('Idee',)]"
viral/deu_news_2024_1M-sentences.txt/17421074,2021-2025,"[('viral/ADJ',)]","[('Information',)]"
viral/deu_news_2024_1M-sentences.txt/17466499,2021-2025,"[('viral/ADJ',)]","[('Trends',)]"
viral/deu_news_2024_1M-sentences.txt/18348491,2021-2025,"[('viral/ADJ',)]","[('Infektionen',)]"
viral/deu_news_2024_1M-sentences.txt/18487055,2021-2025,"[('viral/ADJ',)]","[('Videos',)]"
viral/deu_news_2024_1M-sentences.txt/19235400,2021-2025,"[('viral/ADJ',)]","[('Trends',)]"
viral/deu_news_2024_1M-sentences.txt/19458949,2021-2025,"[('viral/ADJ',)]","[('Persistenz',)]"
viral/deu_news_2024_1M-sentences.txt/19562383,2021-2025,"[('viral/ADJ',)]","[('Clips',)]"
viral/deu_news_2024_1M-sentences.txt/20396402,2021-2025,"[('viral/ADJ',)]","[('Video',)]"
viral/deu_news_2025_1M-sentences.txt/1335857,2021-2025,"[('viral/ADJ',)]","[('Hit',)]"
viral/deu_news_2025_1M-sentences.txt/1517312,2021-2025,"[('viral/ADJ',)]","[('Duft',)]"
viral/deu_news_2025_1M-sentences.txt/1809635,2021-2025,"[('viral/ADJ',)]","[('Reifen',)]"
viral/deu_news_2025_1M-sentences.txt/2844874,2021-2025,"[('viral/ADJ',)]","[('Stories',)]"
viral/deu_news_2025_1M-sentences.txt/3126377,2021-2025,"[('viral/ADJ',)]","[('Aura',)]"
viral/deu_news_2025_1M-sentences.txt/3987894,2021-2025,"[('viral/ADJ',)]","[('Themen',)]"
viral/deu_news_2025_1M-sentences.txt/4140408,2021-2025,"[('viral/ADJ',)]","[('Video',)]"
viral/deu_news_2025_1M-sentences.txt/4179513,2021-2025,"[('viral/ADJ',)]","[('Phänomen',)]"
viral/deu_news_2025_1M-sentences.txt/4355148,2021-2025,"[('viral/ADJ',)]","[('Beiträge',)]"
viral/deu_news_2025_1M-sentences.txt/4748099,2021-2025,"[('viral/ADJ',)]","[('Potenzials',)]"
viral/deu_news_2025_1M-sentences.txt/4790592,2021-2025,"[('viral/ADJ',)]","[('Phänomen',)]"
viral/deu_news_2025_1M-sentences.txt/4817428,2021-2025,"[('viral/ADJ',)]","[('Verbreitung',)]"
viral/deu_news_2025_1M-sentences.txt/5314384,2021-2025,"[('viral/ADJ',)]","[('Hit',)]"
viral/deu_news_2025_1M-sentences.txt/5685728,2021-2025,"[('viral/ADJ',)]","[('Tipp',)]"
viral/deu_news_2025_1M-sentences.txt/5804758,2021-2025,"[('viral/ADJ',)]","[('Hepatitis',)]"
viral/deu_news_2025_1M-sentences.txt/6448795,2021-2025,"[('viral/ADJ',)]","[('Meningitis',)]"
viral/deu_news_2025_1M-sentences.txt/7210784,2021-2025,"[('viral/ADJ',)]","[('Social',)]"
viral/deu_news_2025_1M-sentences.txt/7632609,2021-2025,"[('viral/ADJ',)]","[('Erreger',)]"
viral/deu_news_2025_1M-sentences.txt/8092492,2021-2025,"[('viral/ADJ',)]","[('Infektion',)]"
viral/deu_news_2025_1M-sentences.txt/8158818,2021-2025,"[('viral/ADJ',)]","[('Fieber',)]"
viral/deu_news_2025_1M-sentences.txt/8163306,2021-2025,"[('viral/ADJ',)]","[('Hit',)]"
viral/deu_news_2025_1M-sentences.txt/9104126,2021-2025,"[('viral/ADJ',)]","[('Kampagne',)]"
viral/deu_news_2025_1M-sentences.txt/9104155,2021-2025,"[('viral/ADJ',)]","[('Meningitis',)]"
viral/deu_news_2025_1M-sentences.txt/9223583,2021-2025,"[('viral/ADJ',)]","[('Hit',)]"
viral/deu_news_2025_1M-sentences.txt/9341262,2021-2025,"[('viral/ADJ',)]","[('Tiktok',)]"
viral/deu_news_2025_1M-sentences.txt/9388541,2021-2025,"[('viral/ADJ',)]","[('Trend',)]"
viral/deu_news_2025_1M-sentences.txt/9388566,2021-2025,"[('viral/ADJ',)]","[('Video',)]"
viral/deu_news_2025_1M-sentences.txt/9388582,2021-2025,"[('viral/ADJ',)]","[('YouTube',)]"
viral/deu_news_2025_1M-sentences.txt/9404165,2021-2025,"[('viral/ADJ',)]","[('Vorher',)]"
viral/deu_news_2025_1M-sentences.txt/9684391,2021-2025,"[('viral/ADJ',)]","[('Videos',)]"
viral/deu_news_2025_1M-sentences.txt/11487937,2021-2025,"[('viral/ADJ',)]","[('Video',)]"
viral/deu_news_2025_1M-sentences.txt/11907105,2021-2025,"[('viral/ADJ',)]","[('YouTube',)]"
viral/deu_news_2025_1M-sentences.txt/12686008,2021-2025,"[('viral/ADJ',)]","[('Videoclip',)]"
viral/deu_news_2025_1M-sentences.txt/12705591,2021-2025,"[('viral/ADJ',)]","[('Video',)]"
viral/deu_news_2025_1M-sentences.txt/12742506,2021-2025,"[('viral/ADJ',)]","[('Vektorimpfstoff',)]"
viral/deu_news_2025_1M-sentences.txt/13052957,2021-2025,"[('viral/ADJ',)]","[('Hit',)]"
viral/deu_news_2025_1M-sentences.txt/13068720,2021-2025,"[('viral/ADJ',)]","[('Hit',)]"
viral/deu_news_2025_1M-sentences.txt/13125832,2021-2025,"[('viral/ADJ',)]","[('Tiktok',)]"
viral/deu_news_2025_1M-sentences.txt/13784238,2021-2025,"[('viral/ADJ',)]","[('Louvre',)]"
viral/deu_news_2025_1M-sentences.txt/14044820,2021-2025,"[('viral/ADJ',)]","[('Clip',)]"
viral/deu_news_2025_1M-sentences.txt/14179363,2021-2025,"[('viral/ADJ',)]","[('Potenzial',)]"
viral/deu_news_2025_1M-sentences.txt/14299259,2021-2025,"[('viral/ADJ',)]","[('Hype',)]"
viral/deu_news_2025_1M-sentences.txt/14359665,2021-2025,"[('viral/ADJ',)]","[('Moment',)]"
viral/deu_news_2025_1M-sentences.txt/14812226,2021-2025,"[('viral/ADJ',)]","[('Video',)]"
viral/deu_news_2025_1M-sentences.txt/15339031,2021-2025,"[('viral/ADJ',)]","[('Inhalte',)]"
viral/deu_news_2025_1M-sentences.txt/16073312,2021-2025,"[('viral/ADJ',)]","[('Song',)]"
viral/deu_news_2025_1M-sentences.txt/16575670,2021-2025,"[('viral/ADJ',)]","[('Video',)]"
viral/deu_news_2025_1M-sentences.txt/16841412,2021-2025,"[('viral/ADJ',)]","[('DNA',)]"
viral/deu_news_2025_1M-sentences.txt/16960518,2021-2025,"[('viral/ADJ',)]","[('Challenges',)]"
viral/deu_news_2025_1M-sentences.txt/17024866,2021-2025,"[('viral/ADJ',)]","[('Video',)]"
viral/deu_news_2025_1M-sentences.txt/17094779,2021-2025,"[('viral/ADJ',)]","[('Tanzsequenzen',)]"
viral/deu_news_2025_1M-sentences.txt/17319074,2021-2025,"[('viral/ADJ',)]","[('Meningitis',)]"
viral/deu_news_2025_1M-sentences.txt/17324156,2021-2025,"[('viral/ADJ',)]","[('Internet',)]"
viral/deu_news_2025_1M-sentences.txt/17345321,2021-2025,"[('viral/ADJ',)]","[('Infekten',)]"
viral/deu_news_2025_1M-sentences.txt/17957745,2021-2025,"[('viral/ADJ',)]","[('Onlineartikeln',)]"
viral/deu_news_2025_1M-sentences.txt/18130095,2021-2025,"[('viral/ADJ',)]","[('Internet',)]"
viral/deu_news_2025_1M-sentences.txt/18319720,2021-2025,"[('viral/ADJ',)]","[('Video',)]"
viral/deu_news_2025_1M-sentences.txt/18724472,2021-2025,"[('viral/ADJ',)]","[('TikTok',)]"
viral/deu_news_2025_1M-sentences.txt/18780168,2021-2025,"[('viral/ADJ',)]","[('Foto',)]"
viral/deu_news_2025_1M-sentences.txt/19016065,2021-2025,"[('viral/ADJ',)]","[('Reddit',)]"
viral/deu_news_2025_1M-sentences.txt/20027360,2021-2025,"[('viral/ADJ',)]","[('Verbreitung',)]"
