id,subfolder,target,construction
1995-2000_1,1995-2000,"[('viral',)]","[('> chi_case & > chi_conj & > chi_det & > pa_obl',)]"
1995-2000_2,1995-2000,"[('viral',)]","[('> chi_cc & > pa_conj',)]"
1995-2000_3,1995-2000,"[('viral',)]","[('> chi_conj & > pa_amod',)]"
1995-2000_4,1995-2000,"[('viral',)]","[('> chi_conj & > pa_amod',)]"
1995-2000_5,1995-2000,"[('viral',)]","[('> chi_conj & > pa_amod',)]"
1995-2000_6,1995-2000,"[('viral',)]","[('> chi_conj & > pa_amod',)]"
1995-2000_7,1995-2000,"[('viral',)]","[('> pa_advmod',)]"
1995-2000_8,1995-2000,"[('viral',)]","[('> pa_advmod',)]"
1995-2000_9,1995-2000,"[('viral',)]","[('> pa_advmod',)]"
1995-2000_10,1995-2000,"[('viral',)]","[('> pa_amod',)]"
1995-2000_11,1995-2000,"[('viral',)]","[('> pa_amod',)]"
1995-2000_12,1995-2000,"[('viral',)]","[('> pa_amod',)]"
1995-2000_13,1995-2000,"[('viral',)]","[('> pa_amod',)]"
1995-2000_14,1995-2000,"[('viral',)]","[('> pa_amod',)]"
1995-2000_15,1995-2000,"[('viral',)]","[('> pa_amod',)]"
1995-2000_16,1995-2000,"[('viral',)]","[('> pa_amod',)]"
1995-2000_17,1995-2000,"[('viral',)]","[('> pa_amod',)]"
1995-2000_18,1995-2000,"[('viral',)]","[('> pa_amod',)]"
1995-2000_19,1995-2000,"[('viral',)]","[('> pa_amod',)]"
1995-2000_20,1995-2000,"[('viral',)]","[('> pa_amod',)]"
1995-2000_21,1995-2000,"[('viral',)]","[('> pa_amod',)]"
1995-2000_22,1995-2000,"[('viral',)]","[('> pa_amod',)]"
1995-2000_23,1995-2000,"[('viral',)]","[('> pa_amod',)]"
1995-2000_24,1995-2000,"[('viral',)]","[('> pa_amod',)]"
1995-2000_25,1995-2000,"[('viral',)]","[('> pa_amod',)]"
1995-2000_26,1995-2000,"[('viral',)]","[('> pa_amod',)]"
1995-2000_27,1995-2000,"[('viral',)]","[('> pa_amod',)]"
1995-2000_28,1995-2000,"[('viral',)]","[('> pa_amod',)]"
1995-2000_29,1995-2000,"[('viral',)]","[('> pa_amod',)]"
1995-2000_30,1995-2000,"[('viral',)]","[('> pa_amod',)]"
1995-2000_31,1995-2000,"[('viral',)]","[('> pa_amod',)]"
1995-2000_32,1995-2000,"[('viral',)]","[('> pa_amod',)]"
1995-2000_33,1995-2000,"[('viral',)]","[('> pa_amod',)]"
1995-2000_34,1995-2000,"[('viral',)]","[('> pa_amod',)]"
1995-2000_35,1995-2000,"[('viral',)]","[('> pa_amod',)]"
1995-2000_36,1995-2000,"[('viral',)]","[('> pa_amod',)]"
1995-2000_37,1995-2000,"[('viral',)]","[('> pa_amod',)]"
1995-2000_38,1995-2000,"[('viral',)]","[('> pa_amod',)]"
1995-2000_39,1995-2000,"[('viral',)]","[('> pa_amod',)]"
1995-2000_40,1995-2000,"[('viral',)]","[('> pa_amod',)]"
1995-2000_41,1995-2000,"[('viral',)]","[('> pa_amod',)]"
1995-2000_42,1995-2000,"[('viral',)]","[('> pa_amod',)]"
1995-2000_43,1995-2000,"[('viral',)]","[('> pa_amod',)]"
1995-2000_44,1995-2000,"[('viral',)]","[('> pa_amod',)]"
1995-2000_45,1995-2000,"[('viral',)]","[('> pa_amod',)]"
1995-2000_46,1995-2000,"[('viral',)]","[('> pa_amod',)]"
1995-2000_47,1995-2000,"[('viral',)]","[('> pa_amod',)]"
2001-2005_1,2001-2005,"[('viral',)]","[('> chi_advmod & > pa_amod',)]"
2001-2005_2,2001-2005,"[('viral',)]","[('> chi_cc & > pa_conj',)]"
2001-2005_3,2001-2005,"[('viral',)]","[('> chi_cc & > pa_conj',)]"
2001-2005_4,2001-2005,"[('viral',)]","[('> pa_advmod',)]"
2001-2005_5,2001-2005,"[('viral',)]","[('> pa_amod',)]"
2001-2005_6,2001-2005,"[('viral',)]","[('> pa_amod',)]"
2001-2005_7,2001-2005,"[('viral',)]","[('> pa_amod',)]"
2001-2005_8,2001-2005,"[('viral',)]","[('> pa_amod',)]"
2001-2005_9,2001-2005,"[('viral',)]","[('> pa_amod',)]"
2001-2005_10,2001-2005,"[('viral',)]","[('> pa_amod',)]"
2001-2005_11,2001-2005,"[('viral',)]","[('> pa_amod',)]"
2001-2005_12,2001-2005,"[('viral',)]","[('> pa_amod',)]"
2001-2005_13,2001-2005,"[('viral',)]","[('> pa_amod',)]"
2001-2005_14,2001-2005,"[('viral',)]","[('> pa_amod',)]"
2001-2005_15,2001-2005,"[('viral',)]","[('> pa_amod',)]"
2001-2005_16,2001-2005,"[('viral',)]","[('> pa_amod',)]"
2001-2005_17,2001-2005,"[('viral',)]","[('> pa_amod',)]"
2001-2005_18,2001-2005,"[('viral',)]","[('> pa_amod',)]"
2001-2005_19,2001-2005,"[('viral',)]","[('> pa_amod',)]"
2001-2005_20,2001-2005,"[('viral',)]","[('> pa_amod',)]"
2001-2005_21,2001-2005,"[('viral',)]","[('> pa_amod',)]"
2001-2005_22,2001-2005,"[('viral',)]","[('> pa_amod',)]"
2001-2005_23,2001-2005,"[('viral',)]","[('> pa_amod',)]"
2001-2005_24,2001-2005,"[('viral',)]","[('> pa_amod',)]"
2001-2005_25,2001-2005,"[('viral',)]","[('> pa_amod',)]"
2001-2005_26,2001-2005,"[('viral',)]","[('> pa_amod',)]"
2001-2005_27,2001-2005,"[('viral',)]","[('> pa_amod',)]"
2001-2005_28,2001-2005,"[('viral',)]","[('> pa_amod',)]"
2001-2005_29,2001-2005,"[('viral',)]","[('> pa_amod',)]"
2001-2005_30,2001-2005,"[('viral',)]","[('> pa_amod',)]"
2006-2010_1,2006-2010,"[('viral',)]","[('> chi_advcl & > pa_amod',)]"
2006-2010_2,2006-2010,"[('viral',)]","[('> chi_cc & > pa_amod',)]"
2006-2010_3,2006-2010,"[('viral',)]","[('> chi_cc & > pa_conj',)]"
2006-2010_4,2006-2010,"[('viral',)]","[('> chi_cc & > pa_conj',)]"
2006-2010_5,2006-2010,"[('viral',)]","[('> chi_conj & > pa_amod',)]"
2006-2010_6,2006-2010,"[('viral',)]","[('> chi_conj & > pa_amod',)]"
2006-2010_7,2006-2010,"[('viral',)]","[('> pa_advmod',)]"
2006-2010_8,2006-2010,"[('viral',)]","[('> pa_advmod',)]"
2006-2010_9,2006-2010,"[('viral',)]","[('> pa_advmod',)]"
2006-2010_10,2006-2010,"[('viral',)]","[('> pa_advmod',)]"
2006-2010_11,2006-2010,"[('viral',)]","[('> pa_advmod',)]"
2006-2010_12,2006-2010,"[('viral',)]","[('> pa_advmod',)]"
2006-2010_13,2006-2010,"[('viral',)]","[('> pa_amod',)]"
2006-2010_14,2006-2010,"[('viral',)]","[('> pa_amod',)]"
2006-2010_15,2006-2010,"[('viral',)]","[('> pa_amod',)]"
2006-2010_16,2006-2010,"[('viral',)]","[('> pa_amod',)]"
2006-2010_17,2006-2010,"[('viral',)]","[('> pa_amod',)]"
2006-2010_18,2006-2010,"[('viral',)]","[('> pa_amod',)]"
2006-2010_19,2006-2010,"[('viral',)]","[('> pa_amod',)]"
2006-2010_20,2006-2010,"[('viral',)]","[('> pa_amod',)]"
2006-2010_21,2006-2010,"[('viral',)]","[('> pa_amod',)]"
2006-2010_22,2006-2010,"[('viral',)]","[('> pa_amod',)]"
2006-2010_23,2006-2010,"[('viral',)]","[('> pa_amod',)]"
2006-2010_24,2006-2010,"[('viral',)]","[('> pa_amod',)]"
2006-2010_25,2006-2010,"[('viral',)]","[('> pa_amod',)]"
2006-2010_26,2006-2010,"[('viral',)]","[('> pa_amod',)]"
2006-2010_27,2006-2010,"[('viral',)]","[('> pa_amod',)]"
2006-2010_28,2006-2010,"[('viral',)]","[('> pa_amod',)]"
2006-2010_29,2006-2010,"[('viral',)]","[('> pa_amod',)]"
2006-2010_30,2006-2010,"[('viral',)]","[('> pa_amod',)]"
2006-2010_31,2006-2010,"[('viral',)]","[('> pa_amod',)]"
2006-2010_32,2006-2010,"[('viral',)]","[('> pa_amod',)]"
2006-2010_33,2006-2010,"[('viral',)]","[('> pa_amod',)]"
2006-2010_34,2006-2010,"[('viral',)]","[('> pa_amod',)]"
2006-2010_35,2006-2010,"[('viral',)]","[('> pa_amod',)]"
2006-2010_36,2006-2010,"[('viral',)]","[('> pa_amod',)]"
2006-2010_37,2006-2010,"[('viral',)]","[('> pa_amod',)]"
2006-2010_38,2006-2010,"[('viral',)]","[('> pa_amod',)]"
2006-2010_39,2006-2010,"[('viral',)]","[('> pa_amod',)]"
2006-2010_40,2006-2010,"[('viral',)]","[('> pa_amod',)]"
2006-2010_41,2006-2010,"[('viral',)]","[('> pa_amod',)]"
2006-2010_42,2006-2010,"[('viral',)]","[('> pa_amod',)]"
2006-2010_43,2006-2010,"[('viral',)]","[('> pa_amod',)]"
2006-2010_44,2006-2010,"[('viral',)]","[('> pa_amod',)]"
2006-2010_45,2006-2010,"[('viral',)]","[('> pa_amod',)]"
2006-2010_46,2006-2010,"[('viral',)]","[('> pa_amod',)]"
2006-2010_47,2006-2010,"[('viral',)]","[('> pa_amod',)]"
2006-2010_48,2006-2010,"[('viral',)]","[('> pa_amod',)]"
2006-2010_49,2006-2010,"[('viral',)]","[('> pa_amod',)]"
2006-2010_50,2006-2010,"[('viral',)]","[('> pa_amod',)]"
2006-2010_51,2006-2010,"[('viral',)]","[('> pa_amod',)]"
2006-2010_52,2006-2010,"[('viral',)]","[('> pa_amod',)]"
2006-2010_53,2006-2010,"[('viral',)]","[('> pa_amod',)]"
2006-2010_54,2006-2010,"[('viral',)]","[('> pa_amod',)]"
2006-2010_55,2006-2010,"[('viral',)]","[('> pa_amod',)]"
2006-2010_56,2006-2010,"[('viral',)]","[('> pa_amod',)]"
2006-2010_57,2006-2010,"[('viral',)]","[('> pa_amod',)]"
2006-2010_58,2006-2010,"[('viral',)]","[('> pa_amod',)]"
2006-2010_59,2006-2010,"[('viral',)]","[('> pa_amod',)]"
2006-2010_60,2006-2010,"[('viral',)]","[('> pa_amod',)]"
2006-2010_61,2006-2010,"[('viral',)]","[('> pa_amod',)]"
2006-2010_62,2006-2010,"[('viral',)]","[('> pa_amod',)]"
2006-2010_63,2006-2010,"[('viral',)]","[('> pa_amod',)]"
2006-2010_64,2006-2010,"[('viral',)]","[('> pa_amod',)]"
2006-2010_65,2006-2010,"[('viral',)]","[('> pa_amod',)]"
2006-2010_66,2006-2010,"[('viral',)]","[('> pa_amod',)]"
2006-2010_67,2006-2010,"[('viral',)]","[('> pa_amod',)]"
2006-2010_68,2006-2010,"[('viral',)]","[('> pa_amod',)]"
2006-2010_69,2006-2010,"[('viral',)]","[('> pa_amod',)]"
2006-2010_70,2006-2010,"[('viral',)]","[('> pa_amod',)]"
2006-2010_71,2006-2010,"[('viral',)]","[('> pa_amod',)]"
2006-2010_72,2006-2010,"[('viral',)]","[('> pa_amod',)]"
2006-2010_73,2006-2010,"[('viral',)]","[('> pa_amod',)]"
2006-2010_74,2006-2010,"[('viral',)]","[('> pa_amod',)]"
2006-2010_75,2006-2010,"[('viral',)]","[('> pa_amod',)]"
2006-2010_76,2006-2010,"[('viral',)]","[('> pa_amod',)]"
2006-2010_77,2006-2010,"[('viral',)]","[('> pa_amod',)]"
2006-2010_78,2006-2010,"[('viral',)]","[('> pa_amod',)]"
2006-2010_79,2006-2010,"[('viral',)]","[('> pa_amod',)]"
2006-2010_80,2006-2010,"[('viral',)]","[('> pa_amod',)]"
2006-2010_81,2006-2010,"[('viral',)]","[('> pa_amod',)]"
2006-2010_82,2006-2010,"[('viral',)]","[('> pa_amod',)]"
2006-2010_83,2006-2010,"[('viral',)]","[('> pa_amod',)]"
2006-2010_84,2006-2010,"[('viral',)]","[('> pa_amod',)]"
2006-2010_85,2006-2010,"[('viral',)]","[('> pa_amod',)]"
2006-2010_86,2006-2010,"[('viral',)]","[('> pa_amod',)]"
2006-2010_87,2006-2010,"[('viral',)]","[('> pa_amod',)]"
2006-2010_88,2006-2010,"[('viral',)]","[('> pa_amod',)]"
2006-2010_89,2006-2010,"[('viral',)]","[('> pa_amod',)]"
2006-2010_90,2006-2010,"[('viral',)]","[('> pa_amod',)]"
2006-2010_91,2006-2010,"[('viral',)]","[('> pa_amod',)]"
2006-2010_92,2006-2010,"[('viral',)]","[('> pa_amod',)]"
2006-2010_93,2006-2010,"[('viral',)]","[('> pa_amod',)]"
2006-2010_94,2006-2010,"[('viral',)]","[('> pa_amod',)]"
2006-2010_95,2006-2010,"[('viral',)]","[('> pa_amod',)]"
2006-2010_96,2006-2010,"[('viral',)]","[('> pa_amod',)]"
2006-2010_97,2006-2010,"[('viral',)]","[('> pa_amod',)]"
2006-2010_98,2006-2010,"[('viral',)]","[('> pa_amod',)]"
2006-2010_99,2006-2010,"[('viral',)]","[('> pa_amod',)]"
2006-2010_100,2006-2010,"[('viral',)]","[('> pa_amod',)]"
2006-2010_101,2006-2010,"[('viral',)]","[('> pa_amod',)]"
2006-2010_102,2006-2010,"[('viral',)]","[('> pa_amod',)]"
2006-2010_103,2006-2010,"[('viral',)]","[('> pa_amod',)]"
2006-2010_104,2006-2010,"[('viral',)]","[('> pa_amod',)]"
2006-2010_105,2006-2010,"[('viral',)]","[('> pa_amod',)]"
2006-2010_106,2006-2010,"[('viral',)]","[('> pa_amod',)]"
2006-2010_107,2006-2010,"[('viral',)]","[('> pa_amod',)]"
2006-2010_108,2006-2010,"[('viral',)]","[('> pa_amod',)]"
2006-2010_109,2006-2010,"[('viral',)]","[('> pa_amod',)]"
2006-2010_110,2006-2010,"[('viral',)]","[('> pa_amod',)]"
2011-2015_1,2011-2015,"[('viral',)]","[('> chi_advcl & > chi_advmod & > chi_conj',)]"
2011-2015_2,2011-2015,"[('viral',)]","[('> chi_advmod & > chi_conj & > chi_cop & > chi_nsubj & > pa_parataxis',)]"
2011-2015_3,2011-2015,"[('viral',)]","[('> chi_advmod & > chi_conj & > chi_cop & > chi_nsubj',)]"
2011-2015_4,2011-2015,"[('viral',)]","[('> chi_advmod & > chi_cop & > chi_nsubj & > pa_parataxis',)]"
2011-2015_5,2011-2015,"[('viral',)]","[('> chi_advmod & > chi_obl & > pa_advmod',)]"
2011-2015_6,2011-2015,"[('viral',)]","[('> chi_advmod & > pa_amod',)]"
2011-2015_7,2011-2015,"[('viral',)]","[('> chi_appos & > pa_advmod',)]"
2011-2015_8,2011-2015,"[('viral',)]","[('> chi_cc & > pa_conj',)]"
2011-2015_9,2011-2015,"[('viral',)]","[('> chi_cc & > pa_conj',)]"
2011-2015_10,2011-2015,"[('viral',)]","[('> chi_conj & > chi_cop & > chi_nsubj & > chi_obl',)]"
2011-2015_11,2011-2015,"[('viral',)]","[('> chi_conj & > chi_cop & > chi_nsubj & > chi_parataxis',)]"
2011-2015_12,2011-2015,"[('viral',)]","[('> pa_advmod',)]"
2011-2015_13,2011-2015,"[('viral',)]","[('> pa_advmod',)]"
2011-2015_14,2011-2015,"[('viral',)]","[('> pa_advmod',)]"
2011-2015_15,2011-2015,"[('viral',)]","[('> pa_advmod',)]"
2011-2015_16,2011-2015,"[('viral',)]","[('> pa_advmod',)]"
2011-2015_17,2011-2015,"[('viral',)]","[('> pa_advmod',)]"
2011-2015_18,2011-2015,"[('viral',)]","[('> pa_advmod',)]"
2011-2015_19,2011-2015,"[('viral',)]","[('> pa_advmod',)]"
2011-2015_20,2011-2015,"[('viral',)]","[('> pa_advmod',)]"
2011-2015_21,2011-2015,"[('viral',)]","[('> pa_advmod',)]"
2011-2015_22,2011-2015,"[('viral',)]","[('> pa_advmod',)]"
2011-2015_23,2011-2015,"[('viral',)]","[('> pa_advmod',)]"
2011-2015_24,2011-2015,"[('viral',)]","[('> pa_advmod',)]"
2011-2015_25,2011-2015,"[('viral',)]","[('> pa_advmod',)]"
2011-2015_26,2011-2015,"[('viral',)]","[('> pa_advmod',)]"
2011-2015_27,2011-2015,"[('viral',)]","[('> pa_advmod',)]"
2011-2015_28,2011-2015,"[('viral',)]","[('> pa_advmod',)]"
2011-2015_29,2011-2015,"[('viral',)]","[('> pa_advmod',)]"
2011-2015_30,2011-2015,"[('viral',)]","[('> pa_advmod',)]"
2011-2015_31,2011-2015,"[('viral',)]","[('> pa_advmod',)]"
2011-2015_32,2011-2015,"[('viral',)]","[('> pa_advmod',)]"
2011-2015_33,2011-2015,"[('viral',)]","[('> pa_advmod',)]"
2011-2015_34,2011-2015,"[('viral',)]","[('> pa_advmod',)]"
2011-2015_35,2011-2015,"[('viral',)]","[('> pa_amod',)]"
2011-2015_36,2011-2015,"[('viral',)]","[('> pa_amod',)]"
2011-2015_37,2011-2015,"[('viral',)]","[('> pa_amod',)]"
2011-2015_38,2011-2015,"[('viral',)]","[('> pa_amod',)]"
2011-2015_39,2011-2015,"[('viral',)]","[('> pa_amod',)]"
2011-2015_40,2011-2015,"[('viral',)]","[('> pa_amod',)]"
2011-2015_41,2011-2015,"[('viral',)]","[('> pa_amod',)]"
2011-2015_42,2011-2015,"[('viral',)]","[('> pa_amod',)]"
2011-2015_43,2011-2015,"[('viral',)]","[('> pa_amod',)]"
2011-2015_44,2011-2015,"[('viral',)]","[('> pa_amod',)]"
2011-2015_45,2011-2015,"[('viral',)]","[('> pa_amod',)]"
2011-2015_46,2011-2015,"[('viral',)]","[('> pa_amod',)]"
2011-2015_47,2011-2015,"[('viral',)]","[('> pa_amod',)]"
2011-2015_48,2011-2015,"[('viral',)]","[('> pa_amod',)]"
2011-2015_49,2011-2015,"[('viral',)]","[('> pa_amod',)]"
2011-2015_50,2011-2015,"[('viral',)]","[('> pa_amod',)]"
2011-2015_51,2011-2015,"[('viral',)]","[('> pa_amod',)]"
2011-2015_52,2011-2015,"[('viral',)]","[('> pa_amod',)]"
2011-2015_53,2011-2015,"[('viral',)]","[('> pa_amod',)]"
2011-2015_54,2011-2015,"[('viral',)]","[('> pa_amod',)]"
2011-2015_55,2011-2015,"[('viral',)]","[('> pa_amod',)]"
2011-2015_56,2011-2015,"[('viral',)]","[('> pa_amod',)]"
2011-2015_57,2011-2015,"[('viral',)]","[('> pa_amod',)]"
2011-2015_58,2011-2015,"[('viral',)]","[('> pa_amod',)]"
2011-2015_59,2011-2015,"[('viral',)]","[('> pa_amod',)]"
2011-2015_60,2011-2015,"[('viral',)]","[('> pa_amod',)]"
2011-2015_61,2011-2015,"[('viral',)]","[('> pa_amod',)]"
2011-2015_62,2011-2015,"[('viral',)]","[('> pa_amod',)]"
2011-2015_63,2011-2015,"[('viral',)]","[('> pa_amod',)]"
2011-2015_64,2011-2015,"[('viral',)]","[('> pa_amod',)]"
2011-2015_65,2011-2015,"[('viral',)]","[('> pa_amod',)]"
2011-2015_66,2011-2015,"[('viral',)]","[('> pa_amod',)]"
2011-2015_67,2011-2015,"[('viral',)]","[('> pa_amod',)]"
2011-2015_68,2011-2015,"[('viral',)]","[('> pa_amod',)]"
2011-2015_69,2011-2015,"[('viral',)]","[('> pa_amod',)]"
2011-2015_70,2011-2015,"[('viral',)]","[('> pa_amod',)]"
2011-2015_71,2011-2015,"[('viral',)]","[('> pa_amod',)]"
2011-2015_72,2011-2015,"[('viral',)]","[('> pa_amod',)]"
2011-2015_73,2011-2015,"[('viral',)]","[('> pa_amod',)]"
2011-2015_74,2011-2015,"[('viral',)]","[('> pa_amod',)]"
2011-2015_75,2011-2015,"[('viral',)]","[('> pa_amod',)]"
2011-2015_76,2011-2015,"[('viral',)]","[('> pa_amod',)]"
2011-2015_77,2011-2015,"[('viral',)]","[('> pa_amod',)]"
2011-2015_78,2011-2015,"[('viral',)]","[('> pa_amod',)]"
2011-2015_79,2011-2015,"[('viral',)]","[('> pa_amod',)]"
2011-2015_80,2011-2015,"[('viral',)]","[('> pa_amod',)]"
2011-2015_81,2011-2015,"[('viral',)]","[('> pa_amod',)]"
2011-2015_82,2011-2015,"[('viral',)]","[('> pa_amod',)]"
2011-2015_83,2011-2015,"[('viral',)]","[('> pa_amod',)]"
2011-2015_84,2011-2015,"[('viral',)]","[('> pa_amod',)]"
2011-2015_85,2011-2015,"[('viral',)]","[('> pa_amod',)]"
2011-2015_86,2011-2015,"[('viral',)]","[('> pa_amod',)]"
2011-2015_87,2011-2015,"[('viral',)]","[('> pa_amod',)]"
2011-2015_88,2011-2015,"[('viral',)]","[('> pa_amod',)]"
2011-2015_89,2011-2015,"[('viral',)]","[('> pa_amod',)]"
2011-2015_90,2011-2015,"[('viral',)]","[('> pa_amod',)]"
2011-2015_91,2011-2015,"[('viral',)]","[('> pa_amod',)]"
2011-2015_92,2011-2015,"[('viral',)]","[('> pa_amod',)]"
2011-2015_93,2011-2015,"[('viral',)]","[('> pa_amod',)]"
2011-2015_94,2011-2015,"[('viral',)]","[('> pa_amod',)]"
2011-2015_95,2011-2015,"[('viral',)]","[('> pa_amod',)]"
2011-2015_96,2011-2015,"[('viral',)]","[('> pa_amod',)]"
2011-2015_97,2011-2015,"[('viral',)]","[('> pa_amod',)]"
2011-2015_98,2011-2015,"[('viral',)]","[('> pa_amod',)]"
2011-2015_99,2011-2015,"[('viral',)]","[('> pa_amod',)]"
2011-2015_100,2011-2015,"[('viral',)]","[('> pa_amod',)]"
2011-2015_101,2011-2015,"[('viral',)]","[('> pa_amod',)]"
2011-2015_102,2011-2015,"[('viral',)]","[('> pa_amod',)]"
2011-2015_103,2011-2015,"[('viral',)]","[('> pa_amod',)]"
2011-2015_104,2011-2015,"[('viral',)]","[('> pa_amod',)]"
2011-2015_105,2011-2015,"[('viral',)]","[('> pa_amod',)]"
2011-2015_106,2011-2015,"[('viral',)]","[('> pa_amod',)]"
2011-2015_107,2011-2015,"[('viral',)]","[('> pa_amod',)]"
2011-2015_108,2011-2015,"[('viral',)]","[('> pa_amod',)]"
2011-2015_109,2011-2015,"[('viral',)]","[('> pa_amod',)]"
2011-2015_110,2011-2015,"[('viral',)]","[('> pa_amod',)]"
2011-2015_111,2011-2015,"[('viral',)]","[('> pa_amod',)]"
2011-2015_112,2011-2015,"[('viral',)]","[('> pa_amod',)]"
2011-2015_113,2011-2015,"[('viral',)]","[('> pa_amod',)]"
2011-2015_114,2011-2015,"[('viral',)]","[('> pa_amod',)]"
2011-2015_115,2011-2015,"[('viral',)]","[('> pa_amod',)]"
2011-2015_116,2011-2015,"[('viral',)]","[('> pa_amod',)]"
2011-2015_117,2011-2015,"[('viral',)]","[('> pa_amod',)]"
2011-2015_118,2011-2015,"[('viral',)]","[('> pa_amod',)]"
2011-2015_119,2011-2015,"[('viral',)]","[('> pa_amod',)]"
2011-2015_120,2011-2015,"[('viral',)]","[('> pa_amod',)]"
2011-2015_121,2011-2015,"[('viral',)]","[('> pa_amod',)]"
2011-2015_122,2011-2015,"[('viral',)]","[('> pa_amod',)]"
2011-2015_123,2011-2015,"[('viral',)]","[('> pa_amod',)]"
2011-2015_124,2011-2015,"[('viral',)]","[('> pa_amod',)]"
2011-2015_125,2011-2015,"[('viral',)]","[('> pa_amod',)]"
2011-2015_126,2011-2015,"[('viral',)]","[('> pa_amod',)]"
2011-2015_127,2011-2015,"[('viral',)]","[('> pa_amod',)]"
2011-2015_128,2011-2015,"[('viral',)]","[('> pa_amod',)]"
2011-2015_129,2011-2015,"[('viral',)]","[('> pa_amod',)]"
2011-2015_130,2011-2015,"[('viral',)]","[('> pa_amod',)]"
2011-2015_131,2011-2015,"[('viral',)]","[('> pa_amod',)]"
2011-2015_132,2011-2015,"[('viral',)]","[('> pa_amod',)]"
2011-2015_133,2011-2015,"[('viral',)]","[('> pa_amod',)]"
2011-2015_134,2011-2015,"[('viral',)]","[('> pa_amod',)]"
2011-2015_135,2011-2015,"[('viral',)]","[('> pa_amod',)]"
2011-2015_136,2011-2015,"[('viral',)]","[('> pa_amod',)]"
2011-2015_137,2011-2015,"[('viral',)]","[('> pa_amod',)]"
2011-2015_138,2011-2015,"[('viral',)]","[('> pa_amod',)]"
2011-2015_139,2011-2015,"[('viral',)]","[('> pa_amod',)]"
2011-2015_140,2011-2015,"[('viral',)]","[('> pa_amod',)]"
2011-2015_141,2011-2015,"[('viral',)]","[('> pa_amod',)]"
2011-2015_142,2011-2015,"[('viral',)]","[('> pa_amod',)]"
2011-2015_143,2011-2015,"[('viral',)]","[('> pa_amod',)]"
2011-2015_144,2011-2015,"[('viral',)]","[('> pa_amod',)]"
2011-2015_145,2011-2015,"[('viral',)]","[('> pa_amod',)]"
2011-2015_146,2011-2015,"[('viral',)]","[('> pa_amod',)]"
2011-2015_147,2011-2015,"[('viral',)]","[('> pa_amod',)]"
2011-2015_148,2011-2015,"[('viral',)]","[('> pa_amod',)]"
2011-2015_149,2011-2015,"[('viral',)]","[('> pa_amod',)]"
2011-2015_150,2011-2015,"[('viral',)]","[('> pa_amod',)]"
2011-2015_151,2011-2015,"[('viral',)]","[('> pa_amod',)]"
2011-2015_152,2011-2015,"[('viral',)]","[('> pa_amod',)]"
2011-2015_153,2011-2015,"[('viral',)]","[('> pa_amod',)]"
2011-2015_154,2011-2015,"[('viral',)]","[('> pa_amod',)]"
2011-2015_155,2011-2015,"[('viral',)]","[('> pa_amod',)]"
2011-2015_156,2011-2015,"[('viral',)]","[('> pa_amod',)]"
2011-2015_157,2011-2015,"[('viral',)]","[('> pa_amod',)]"
2011-2015_158,2011-2015,"[('viral',)]","[('> pa_amod',)]"
2011-2015_159,2011-2015,"[('viral',)]","[('> pa_amod',)]"
2011-2015_160,2011-2015,"[('viral',)]","[('> pa_amod',)]"
2011-2015_161,2011-2015,"[('viral',)]","[('> pa_amod',)]"
2011-2015_162,2011-2015,"[('viral',)]","[('> pa_amod',)]"
2011-2015_163,2011-2015,"[('viral',)]","[('> pa_amod',)]"
2011-2015_164,2011-2015,"[('viral',)]","[('> pa_amod',)]"
2011-2015_165,2011-2015,"[('viral',)]","[('> pa_amod',)]"
2011-2015_166,2011-2015,"[('viral',)]","[('> pa_amod',)]"
2011-2015_167,2011-2015,"[('viral',)]","[('> pa_amod',)]"
2011-2015_168,2011-2015,"[('viral',)]","[('> pa_appos',)]"
2011-2015_169,2011-2015,"[('viral',)]","[('> pa_conj',)]"
2016-2020_1,2016-2020,"[('viral',)]","[('> chi_advmod & > pa_advmod',)]"
2016-2020_2,2016-2020,"[('viral',)]","[('> chi_advmod & > pa_advmod',)]"
2016-2020_3,2016-2020,"[('viral',)]","[('> chi_advmod & > pa_advmod',)]"
2016-2020_4,2016-2020,"[('viral',)]","[('> chi_advmod & > pa_advmod',)]"
2016-2020_5,2016-2020,"[('viral',)]","[('> chi_advmod & > pa_advmod',)]"
2016-2020_6,2016-2020,"[('viral',)]","[('> chi_advmod & > pa_amod',)]"
2016-2020_7,2016-2020,"[('viral',)]","[('> chi_advmod & > pa_amod',)]"
2016-2020_8,2016-2020,"[('viral',)]","[('> chi_advmod',)]"
2016-2020_9,2016-2020,"[('viral',)]","[('> chi_case & > chi_det & > pa_nmod',)]"
2016-2020_10,2016-2020,"[('viral',)]","[('> chi_case & > chi_det & > pa_obl',)]"
2016-2020_11,2016-2020,"[('viral',)]","[('> chi_cc & > pa_conj',)]"
2016-2020_12,2016-2020,"[('viral',)]","[('> chi_cc & > pa_conj',)]"
2016-2020_13,2016-2020,"[('viral',)]","[('> chi_cc & > pa_conj',)]"
2016-2020_14,2016-2020,"[('viral',)]","[('> chi_conj & > pa_advmod',)]"
2016-2020_15,2016-2020,"[('viral',)]","[('> chi_conj & > pa_amod',)]"
2016-2020_16,2016-2020,"[('viral',)]","[('> chi_conj & > pa_amod',)]"
2016-2020_17,2016-2020,"[('viral',)]","[('> chi_conj & > pa_amod',)]"
2016-2020_18,2016-2020,"[('viral',)]","[('> chi_conj & > pa_amod',)]"
2016-2020_19,2016-2020,"[('viral',)]","[('> pa_advmod',)]"
2016-2020_20,2016-2020,"[('viral',)]","[('> pa_advmod',)]"
2016-2020_21,2016-2020,"[('viral',)]","[('> pa_advmod',)]"
2016-2020_22,2016-2020,"[('viral',)]","[('> pa_advmod',)]"
2016-2020_23,2016-2020,"[('viral',)]","[('> pa_advmod',)]"
2016-2020_24,2016-2020,"[('viral',)]","[('> pa_advmod',)]"
2016-2020_25,2016-2020,"[('viral',)]","[('> pa_advmod',)]"
2016-2020_26,2016-2020,"[('viral',)]","[('> pa_advmod',)]"
2016-2020_27,2016-2020,"[('viral',)]","[('> pa_advmod',)]"
2016-2020_28,2016-2020,"[('viral',)]","[('> pa_advmod',)]"
2016-2020_29,2016-2020,"[('viral',)]","[('> pa_advmod',)]"
2016-2020_30,2016-2020,"[('viral',)]","[('> pa_advmod',)]"
2016-2020_31,2016-2020,"[('viral',)]","[('> pa_advmod',)]"
2016-2020_32,2016-2020,"[('viral',)]","[('> pa_advmod',)]"
2016-2020_33,2016-2020,"[('viral',)]","[('> pa_advmod',)]"
2016-2020_34,2016-2020,"[('viral',)]","[('> pa_advmod',)]"
2016-2020_35,2016-2020,"[('viral',)]","[('> pa_advmod',)]"
2016-2020_36,2016-2020,"[('viral',)]","[('> pa_advmod',)]"
2016-2020_37,2016-2020,"[('viral',)]","[('> pa_advmod',)]"
2016-2020_38,2016-2020,"[('viral',)]","[('> pa_advmod',)]"
2016-2020_39,2016-2020,"[('viral',)]","[('> pa_advmod',)]"
2016-2020_40,2016-2020,"[('viral',)]","[('> pa_advmod',)]"
2016-2020_41,2016-2020,"[('viral',)]","[('> pa_advmod',)]"
2016-2020_42,2016-2020,"[('viral',)]","[('> pa_advmod',)]"
2016-2020_43,2016-2020,"[('viral',)]","[('> pa_advmod',)]"
2016-2020_44,2016-2020,"[('viral',)]","[('> pa_advmod',)]"
2016-2020_45,2016-2020,"[('viral',)]","[('> pa_advmod',)]"
2016-2020_46,2016-2020,"[('viral',)]","[('> pa_advmod',)]"
2016-2020_47,2016-2020,"[('viral',)]","[('> pa_advmod',)]"
2016-2020_48,2016-2020,"[('viral',)]","[('> pa_advmod',)]"
2016-2020_49,2016-2020,"[('viral',)]","[('> pa_advmod',)]"
2016-2020_50,2016-2020,"[('viral',)]","[('> pa_advmod',)]"
2016-2020_51,2016-2020,"[('viral',)]","[('> pa_advmod',)]"
2016-2020_52,2016-2020,"[('viral',)]","[('> pa_advmod',)]"
2016-2020_53,2016-2020,"[('viral',)]","[('> pa_advmod',)]"
2016-2020_54,2016-2020,"[('viral',)]","[('> pa_advmod',)]"
2016-2020_55,2016-2020,"[('viral',)]","[('> pa_advmod',)]"
2016-2020_56,2016-2020,"[('viral',)]","[('> pa_advmod',)]"
2016-2020_57,2016-2020,"[('viral',)]","[('> pa_advmod',)]"
2016-2020_58,2016-2020,"[('viral',)]","[('> pa_advmod',)]"
2016-2020_59,2016-2020,"[('viral',)]","[('> pa_advmod',)]"
2016-2020_60,2016-2020,"[('viral',)]","[('> pa_advmod',)]"
2016-2020_61,2016-2020,"[('viral',)]","[('> pa_advmod',)]"
2016-2020_62,2016-2020,"[('viral',)]","[('> pa_advmod',)]"
2016-2020_63,2016-2020,"[('viral',)]","[('> pa_advmod',)]"
2016-2020_64,2016-2020,"[('viral',)]","[('> pa_advmod',)]"
2016-2020_65,2016-2020,"[('viral',)]","[('> pa_advmod',)]"
2016-2020_66,2016-2020,"[('viral',)]","[('> pa_advmod',)]"
2016-2020_67,2016-2020,"[('viral',)]","[('> pa_advmod',)]"
2016-2020_68,2016-2020,"[('viral',)]","[('> pa_advmod',)]"
2016-2020_69,2016-2020,"[('viral',)]","[('> pa_advmod',)]"
2016-2020_70,2016-2020,"[('viral',)]","[('> pa_advmod',)]"
2016-2020_71,2016-2020,"[('viral',)]","[('> pa_advmod',)]"
2016-2020_72,2016-2020,"[('viral',)]","[('> pa_advmod',)]"
2016-2020_73,2016-2020,"[('viral',)]","[('> pa_advmod',)]"
2016-2020_74,2016-2020,"[('viral',)]","[('> pa_advmod',)]"
2016-2020_75,2016-2020,"[('viral',)]","[('> pa_advmod',)]"
2016-2020_76,2016-2020,"[('viral',)]","[('> pa_advmod',)]"
2016-2020_77,2016-2020,"[('viral',)]","[('> pa_advmod',)]"
2016-2020_78,2016-2020,"[('viral',)]","[('> pa_advmod',)]"
2016-2020_79,2016-2020,"[('viral',)]","[('> pa_advmod',)]"
2016-2020_80,2016-2020,"[('viral',)]","[('> pa_advmod',)]"
2016-2020_81,2016-2020,"[('viral',)]","[('> pa_advmod',)]"
2016-2020_82,2016-2020,"[('viral',)]","[('> pa_advmod',)]"
2016-2020_83,2016-2020,"[('viral',)]","[('> pa_advmod',)]"
2016-2020_84,2016-2020,"[('viral',)]","[('> pa_advmod',)]"
2016-2020_85,2016-2020,"[('viral',)]","[('> pa_advmod',)]"
2016-2020_86,2016-2020,"[('viral',)]","[('> pa_advmod',)]"
2016-2020_87,2016-2020,"[('viral',)]","[('> pa_advmod',)]"
2016-2020_88,2016-2020,"[('viral',)]","[('> pa_advmod',)]"
2016-2020_89,2016-2020,"[('viral',)]","[('> pa_advmod',)]"
2016-2020_90,2016-2020,"[('viral',)]","[('> pa_advmod',)]"
2016-2020_91,2016-2020,"[('viral',)]","[('> pa_advmod',)]"
2016-2020_92,2016-2020,"[('viral',)]","[('> pa_advmod',)]"
2016-2020_93,2016-2020,"[('viral',)]","[('> pa_advmod',)]"
2016-2020_94,2016-2020,"[('viral',)]","[('> pa_advmod',)]"
2016-2020_95,2016-2020,"[('viral',)]","[('> pa_advmod',)]"
2016-2020_96,2016-2020,"[('viral',)]","[('> pa_advmod',)]"
2016-2020_97,2016-2020,"[('viral',)]","[('> pa_advmod',)]"
2016-2020_98,2016-2020,"[('viral',)]","[('> pa_advmod',)]"
2016-2020_99,2016-2020,"[('viral',)]","[('> pa_advmod',)]"
2016-2020_100,2016-2020,"[('viral',)]","[('> pa_advmod',)]"
2016-2020_101,2016-2020,"[('viral',)]","[('> pa_advmod',)]"
2016-2020_102,2016-2020,"[('viral',)]","[('> pa_advmod',)]"
2016-2020_103,2016-2020,"[('viral',)]","[('> pa_advmod',)]"
2016-2020_104,2016-2020,"[('viral',)]","[('> pa_advmod',)]"
2016-2020_105,2016-2020,"[('viral',)]","[('> pa_advmod',)]"
2016-2020_106,2016-2020,"[('viral',)]","[('> pa_advmod',)]"
2016-2020_107,2016-2020,"[('viral',)]","[('> pa_advmod',)]"
2016-2020_108,2016-2020,"[('viral',)]","[('> pa_advmod',)]"
2016-2020_109,2016-2020,"[('viral',)]","[('> pa_advmod',)]"
2016-2020_110,2016-2020,"[('viral',)]","[('> pa_advmod',)]"
2016-2020_111,2016-2020,"[('viral',)]","[('> pa_advmod',)]"
2016-2020_112,2016-2020,"[('viral',)]","[('> pa_advmod',)]"
2016-2020_113,2016-2020,"[('viral',)]","[('> pa_advmod',)]"
2016-2020_114,2016-2020,"[('viral',)]","[('> pa_advmod',)]"
2016-2020_115,2016-2020,"[('viral',)]","[('> pa_advmod',)]"
2016-2020_116,2016-2020,"[('viral',)]","[('> pa_advmod',)]"
2016-2020_117,2016-2020,"[('viral',)]","[('> pa_advmod',)]"
2016-2020_118,2016-2020,"[('viral',)]","[('> pa_advmod',)]"
2016-2020_119,2016-2020,"[('viral',)]","[('> pa_advmod',)]"
2016-2020_120,2016-2020,"[('viral',)]","[('> pa_advmod',)]"
2016-2020_121,2016-2020,"[('viral',)]","[('> pa_advmod',)]"
2016-2020_122,2016-2020,"[('viral',)]","[('> pa_advmod',)]"
2016-2020_123,2016-2020,"[('viral',)]","[('> pa_advmod',)]"
2016-2020_124,2016-2020,"[('viral',)]","[('> pa_advmod',)]"
2016-2020_125,2016-2020,"[('viral',)]","[('> pa_advmod',)]"
2016-2020_126,2016-2020,"[('viral',)]","[('> pa_advmod',)]"
2016-2020_127,2016-2020,"[('viral',)]","[('> pa_advmod',)]"
2016-2020_128,2016-2020,"[('viral',)]","[('> pa_advmod',)]"
2016-2020_129,2016-2020,"[('viral',)]","[('> pa_advmod',)]"
2016-2020_130,2016-2020,"[('viral',)]","[('> pa_advmod',)]"
2016-2020_131,2016-2020,"[('viral',)]","[('> pa_advmod',)]"
2016-2020_132,2016-2020,"[('viral',)]","[('> pa_advmod',)]"
2016-2020_133,2016-2020,"[('viral',)]","[('> pa_advmod',)]"
2016-2020_134,2016-2020,"[('viral',)]","[('> pa_advmod',)]"
2016-2020_135,2016-2020,"[('viral',)]","[('> pa_advmod',)]"
2016-2020_136,2016-2020,"[('viral',)]","[('> pa_advmod',)]"
2016-2020_137,2016-2020,"[('viral',)]","[('> pa_advmod',)]"
2016-2020_138,2016-2020,"[('viral',)]","[('> pa_advmod',)]"
2016-2020_139,2016-2020,"[('viral',)]","[('> pa_advmod',)]"
2016-2020_140,2016-2020,"[('viral',)]","[('> pa_advmod',)]"
2016-2020_141,2016-2020,"[('viral',)]","[('> pa_amod',)]"
2016-2020_142,2016-2020,"[('viral',)]","[('> pa_amod',)]"
2016-2020_143,2016-2020,"[('viral',)]","[('> pa_amod',)]"
2016-2020_144,2016-2020,"[('viral',)]","[('> pa_amod',)]"
2016-2020_145,2016-2020,"[('viral',)]","[('> pa_amod',)]"
2016-2020_146,2016-2020,"[('viral',)]","[('> pa_amod',)]"
2016-2020_147,2016-2020,"[('viral',)]","[('> pa_amod',)]"
2016-2020_148,2016-2020,"[('viral',)]","[('> pa_amod',)]"
2016-2020_149,2016-2020,"[('viral',)]","[('> pa_amod',)]"
2016-2020_150,2016-2020,"[('viral',)]","[('> pa_amod',)]"
2016-2020_151,2016-2020,"[('viral',)]","[('> pa_amod',)]"
2016-2020_152,2016-2020,"[('viral',)]","[('> pa_amod',)]"
2016-2020_153,2016-2020,"[('viral',)]","[('> pa_amod',)]"
2016-2020_154,2016-2020,"[('viral',)]","[('> pa_amod',)]"
2016-2020_155,2016-2020,"[('viral',)]","[('> pa_amod',)]"
2016-2020_156,2016-2020,"[('viral',)]","[('> pa_amod',)]"
2016-2020_157,2016-2020,"[('viral',)]","[('> pa_amod',)]"
2016-2020_158,2016-2020,"[('viral',)]","[('> pa_amod',)]"
2016-2020_159,2016-2020,"[('viral',)]","[('> pa_amod',)]"
2016-2020_160,2016-2020,"[('viral',)]","[('> pa_amod',)]"
2016-2020_161,2016-2020,"[('viral',)]","[('> pa_amod',)]"
2016-2020_162,2016-2020,"[('viral',)]","[('> pa_amod',)]"
2016-2020_163,2016-2020,"[('viral',)]","[('> pa_amod',)]"
2016-2020_164,2016-2020,"[('viral',)]","[('> pa_amod',)]"
2016-2020_165,2016-2020,"[('viral',)]","[('> pa_amod',)]"
2016-2020_166,2016-2020,"[('viral',)]","[('> pa_amod',)]"
2016-2020_167,2016-2020,"[('viral',)]","[('> pa_amod',)]"
2016-2020_168,2016-2020,"[('viral',)]","[('> pa_amod',)]"
2016-2020_169,2016-2020,"[('viral',)]","[('> pa_amod',)]"
2016-2020_170,2016-2020,"[('viral',)]","[('> pa_amod',)]"
2016-2020_171,2016-2020,"[('viral',)]","[('> pa_amod',)]"
2016-2020_172,2016-2020,"[('viral',)]","[('> pa_amod',)]"
2016-2020_173,2016-2020,"[('viral',)]","[('> pa_amod',)]"
2016-2020_174,2016-2020,"[('viral',)]","[('> pa_amod',)]"
2016-2020_175,2016-2020,"[('viral',)]","[('> pa_amod',)]"
2016-2020_176,2016-2020,"[('viral',)]","[('> pa_amod',)]"
2016-2020_177,2016-2020,"[('viral',)]","[('> pa_amod',)]"
2016-2020_178,2016-2020,"[('viral',)]","[('> pa_amod',)]"
2016-2020_179,2016-2020,"[('viral',)]","[('> pa_amod',)]"
2016-2020_180,2016-2020,"[('viral',)]","[('> pa_amod',)]"
2016-2020_181,2016-2020,"[('viral',)]","[('> pa_amod',)]"
2016-2020_182,2016-2020,"[('viral',)]","[('> pa_amod',)]"
2016-2020_183,2016-2020,"[('viral',)]","[('> pa_amod',)]"
2016-2020_184,2016-2020,"[('viral',)]","[('> pa_amod',)]"
2016-2020_185,2016-2020,"[('viral',)]","[('> pa_amod',)]"
2016-2020_186,2016-2020,"[('viral',)]","[('> pa_amod',)]"
2016-2020_187,2016-2020,"[('viral',)]","[('> pa_amod',)]"
2016-2020_188,2016-2020,"[('viral',)]","[('> pa_amod',)]"
2016-2020_189,2016-2020,"[('viral',)]","[('> pa_amod',)]"
2016-2020_190,2016-2020,"[('viral',)]","[('> pa_amod',)]"
2016-2020_191,2016-2020,"[('viral',)]","[('> pa_amod',)]"
2016-2020_192,2016-2020,"[('viral',)]","[('> pa_amod',)]"
2016-2020_193,2016-2020,"[('viral',)]","[('> pa_amod',)]"
2016-2020_194,2016-2020,"[('viral',)]","[('> pa_amod',)]"
2016-2020_195,2016-2020,"[('viral',)]","[('> pa_amod',)]"
2016-2020_196,2016-2020,"[('viral',)]","[('> pa_amod',)]"
2016-2020_197,2016-2020,"[('viral',)]","[('> pa_amod',)]"
2016-2020_198,2016-2020,"[('viral',)]","[('> pa_amod',)]"
2016-2020_199,2016-2020,"[('viral',)]","[('> pa_amod',)]"
2016-2020_200,2016-2020,"[('viral',)]","[('> pa_amod',)]"
2016-2020_201,2016-2020,"[('viral',)]","[('> pa_amod',)]"
2016-2020_202,2016-2020,"[('viral',)]","[('> pa_amod',)]"
2016-2020_203,2016-2020,"[('viral',)]","[('> pa_amod',)]"
2016-2020_204,2016-2020,"[('viral',)]","[('> pa_amod',)]"
2016-2020_205,2016-2020,"[('viral',)]","[('> pa_amod',)]"
2016-2020_206,2016-2020,"[('viral',)]","[('> pa_amod',)]"
2016-2020_207,2016-2020,"[('viral',)]","[('> pa_amod',)]"
2016-2020_208,2016-2020,"[('viral',)]","[('> pa_amod',)]"
2016-2020_209,2016-2020,"[('viral',)]","[('> pa_amod',)]"
2016-2020_210,2016-2020,"[('viral',)]","[('> pa_amod',)]"
2016-2020_211,2016-2020,"[('viral',)]","[('> pa_amod',)]"
2016-2020_212,2016-2020,"[('viral',)]","[('> pa_amod',)]"
2016-2020_213,2016-2020,"[('viral',)]","[('> pa_amod',)]"
2016-2020_214,2016-2020,"[('viral',)]","[('> pa_amod',)]"
2016-2020_215,2016-2020,"[('viral',)]","[('> pa_amod',)]"
2016-2020_216,2016-2020,"[('viral',)]","[('> pa_amod',)]"
2016-2020_217,2016-2020,"[('viral',)]","[('> pa_amod',)]"
2016-2020_218,2016-2020,"[('viral',)]","[('> pa_amod',)]"
2016-2020_219,2016-2020,"[('viral',)]","[('> pa_amod',)]"
2016-2020_220,2016-2020,"[('viral',)]","[('> pa_amod',)]"
2016-2020_221,2016-2020,"[('viral',)]","[('> pa_amod',)]"
2016-2020_222,2016-2020,"[('viral',)]","[('> pa_amod',)]"
2016-2020_223,2016-2020,"[('viral',)]","[('> pa_amod',)]"
2016-2020_224,2016-2020,"[('viral',)]","[('> pa_amod',)]"
2016-2020_225,2016-2020,"[('viral',)]","[('> pa_amod',)]"
2016-2020_226,2016-2020,"[('viral',)]","[('> pa_amod',)]"
2016-2020_227,2016-2020,"[('viral',)]","[('> pa_amod',)]"
2016-2020_228,2016-2020,"[('viral',)]","[('> pa_amod',)]"
2016-2020_229,2016-2020,"[('viral',)]","[('> pa_amod',)]"
2016-2020_230,2016-2020,"[('viral',)]","[('> pa_amod',)]"
2016-2020_231,2016-2020,"[('viral',)]","[('> pa_amod',)]"
2016-2020_232,2016-2020,"[('viral',)]","[('> pa_amod',)]"
2016-2020_233,2016-2020,"[('viral',)]","[('> pa_amod',)]"
2016-2020_234,2016-2020,"[('viral',)]","[('> pa_amod',)]"
2016-2020_235,2016-2020,"[('viral',)]","[('> pa_amod',)]"
2016-2020_236,2016-2020,"[('viral',)]","[('> pa_amod',)]"
2016-2020_237,2016-2020,"[('viral',)]","[('> pa_amod',)]"
2016-2020_238,2016-2020,"[('viral',)]","[('> pa_amod',)]"
2016-2020_239,2016-2020,"[('viral',)]","[('> pa_amod',)]"
2016-2020_240,2016-2020,"[('viral',)]","[('> pa_amod',)]"
2016-2020_241,2016-2020,"[('viral',)]","[('> pa_amod',)]"
2016-2020_242,2016-2020,"[('viral',)]","[('> pa_amod',)]"
2016-2020_243,2016-2020,"[('viral',)]","[('> pa_amod',)]"
2016-2020_244,2016-2020,"[('viral',)]","[('> pa_amod',)]"
2016-2020_245,2016-2020,"[('viral',)]","[('> pa_amod',)]"
2016-2020_246,2016-2020,"[('viral',)]","[('> pa_amod',)]"
2016-2020_247,2016-2020,"[('viral',)]","[('> pa_amod',)]"
2016-2020_248,2016-2020,"[('viral',)]","[('> pa_amod',)]"
2016-2020_249,2016-2020,"[('viral',)]","[('> pa_amod',)]"
2016-2020_250,2016-2020,"[('viral',)]","[('> pa_amod',)]"
2016-2020_251,2016-2020,"[('viral',)]","[('> pa_amod',)]"
2016-2020_252,2016-2020,"[('viral',)]","[('> pa_amod',)]"
2016-2020_253,2016-2020,"[('viral',)]","[('> pa_amod',)]"
2016-2020_254,2016-2020,"[('viral',)]","[('> pa_amod',)]"
2016-2020_255,2016-2020,"[('viral',)]","[('> pa_amod',)]"
2016-2020_256,2016-2020,"[('viral',)]","[('> pa_amod',)]"
2016-2020_257,2016-2020,"[('viral',)]","[('> pa_amod',)]"
2016-2020_258,2016-2020,"[('viral',)]","[('> pa_amod',)]"
2016-2020_259,2016-2020,"[('viral',)]","[('> pa_amod',)]"
2016-2020_260,2016-2020,"[('viral',)]","[('> pa_amod',)]"
2016-2020_261,2016-2020,"[('viral',)]","[('> pa_amod',)]"
2016-2020_262,2016-2020,"[('viral',)]","[('> pa_amod',)]"
2016-2020_263,2016-2020,"[('viral',)]","[('> pa_amod',)]"
2016-2020_264,2016-2020,"[('viral',)]","[('> pa_amod',)]"
2016-2020_265,2016-2020,"[('viral',)]","[('> pa_amod',)]"
2016-2020_266,2016-2020,"[('viral',)]","[('> pa_amod',)]"
2016-2020_267,2016-2020,"[('viral',)]","[('> pa_amod',)]"
2016-2020_268,2016-2020,"[('viral',)]","[('> pa_amod',)]"
2016-2020_269,2016-2020,"[('viral',)]","[('> pa_conj',)]"
2016-2020_270,2016-2020,"[('viral',)]","[('> pa_conj',)]"
2021-2025_1,2021-2025,"[('viral',)]","[('> chi_acl & > chi_det & > pa_advmod',)]"
2021-2025_2,2021-2025,"[('viral',)]","[('> chi_advmod & > chi_case & > chi_det & > pa_advmod',)]"
2021-2025_3,2021-2025,"[('viral',)]","[('> chi_advmod & > chi_cc & > pa_conj',)]"
2021-2025_4,2021-2025,"[('viral',)]","[('> chi_advmod & > chi_cc & > pa_conj',)]"
2021-2025_5,2021-2025,"[('viral',)]","[('> chi_advmod & > chi_conj & > pa_advmod',)]"
2021-2025_6,2021-2025,"[('viral',)]","[('> chi_advmod & > pa_advmod',)]"
2021-2025_7,2021-2025,"[('viral',)]","[('> chi_advmod & > pa_advmod',)]"
2021-2025_8,2021-2025,"[('viral',)]","[('> chi_advmod & > pa_advmod',)]"
2021-2025_9,2021-2025,"[('viral',)]","[('> chi_advmod & > pa_advmod',)]"
2021-2025_10,2021-2025,"[('viral',)]","[('> chi_advmod & > pa_advmod',)]"
2021-2025_11,2021-2025,"[('viral',)]","[('> chi_advmod & > pa_advmod',)]"
2021-2025_12,2021-2025,"[('viral',)]","[('> chi_advmod & > pa_advmod',)]"
2021-2025_13,2021-2025,"[('viral',)]","[('> chi_advmod & > pa_advmod',)]"
2021-2025_14,2021-2025,"[('viral',)]","[('> chi_advmod & > pa_advmod',)]"
2021-2025_15,2021-2025,"[('viral',)]","[('> chi_advmod & > pa_advmod',)]"
2021-2025_16,2021-2025,"[('viral',)]","[('> chi_advmod & > pa_amod',)]"
2021-2025_17,2021-2025,"[('viral',)]","[('> chi_advmod & > pa_amod',)]"
2021-2025_18,2021-2025,"[('viral',)]","[('> chi_cc & > chi_conj & > chi_cop & > chi_nsubj & > pa_acl',)]"
2021-2025_19,2021-2025,"[('viral',)]","[('> chi_cc & > pa_conj',)]"
2021-2025_20,2021-2025,"[('viral',)]","[('> chi_cc & > pa_conj',)]"
2021-2025_21,2021-2025,"[('viral',)]","[('> chi_cc & > pa_conj',)]"
2021-2025_22,2021-2025,"[('viral',)]","[('> chi_cc & > pa_conj',)]"
2021-2025_23,2021-2025,"[('viral',)]","[('> chi_conj & > chi_nsubj',)]"
2021-2025_24,2021-2025,"[('viral',)]","[('> chi_conj & > chi_obl & > pa_advmod',)]"
2021-2025_25,2021-2025,"[('viral',)]","[('> chi_conj & > pa_advmod',)]"
2021-2025_26,2021-2025,"[('viral',)]","[('> chi_conj & > pa_amod',)]"
2021-2025_27,2021-2025,"[('viral',)]","[('> chi_conj & > pa_amod',)]"
2021-2025_28,2021-2025,"[('viral',)]","[('> chi_conj & > pa_amod',)]"
2021-2025_29,2021-2025,"[('viral',)]","[('> chi_conj & > pa_amod',)]"
2021-2025_30,2021-2025,"[('viral',)]","[('> chi_conj & > pa_amod',)]"
2021-2025_31,2021-2025,"[('viral',)]","[('> chi_conj & > pa_amod',)]"
2021-2025_32,2021-2025,"[('viral',)]","[('> chi_conj & > pa_amod',)]"
2021-2025_33,2021-2025,"[('viral',)]","[('> chi_cop & > chi_nsubj & > chi_obl',)]"
2021-2025_34,2021-2025,"[('viral',)]","[('> chi_det & > pa_advmod',)]"
2021-2025_35,2021-2025,"[('viral',)]","[('> chi_det & > pa_nmod',)]"
2021-2025_36,2021-2025,"[('viral',)]","[('> chi_obl & > pa_conj',)]"
2021-2025_37,2021-2025,"[('viral',)]","[('> pa_advcl',)]"
2021-2025_38,2021-2025,"[('viral',)]","[('> pa_advmod',)]"
2021-2025_39,2021-2025,"[('viral',)]","[('> pa_advmod',)]"
2021-2025_40,2021-2025,"[('viral',)]","[('> pa_advmod',)]"
2021-2025_41,2021-2025,"[('viral',)]","[('> pa_advmod',)]"
2021-2025_42,2021-2025,"[('viral',)]","[('> pa_advmod',)]"
2021-2025_43,2021-2025,"[('viral',)]","[('> pa_advmod',)]"
2021-2025_44,2021-2025,"[('viral',)]","[('> pa_advmod',)]"
2021-2025_45,2021-2025,"[('viral',)]","[('> pa_advmod',)]"
2021-2025_46,2021-2025,"[('viral',)]","[('> pa_advmod',)]"
2021-2025_47,2021-2025,"[('viral',)]","[('> pa_advmod',)]"
2021-2025_48,2021-2025,"[('viral',)]","[('> pa_advmod',)]"
2021-2025_49,2021-2025,"[('viral',)]","[('> pa_advmod',)]"
2021-2025_50,2021-2025,"[('viral',)]","[('> pa_advmod',)]"
2021-2025_51,2021-2025,"[('viral',)]","[('> pa_advmod',)]"
2021-2025_52,2021-2025,"[('viral',)]","[('> pa_advmod',)]"
2021-2025_53,2021-2025,"[('viral',)]","[('> pa_advmod',)]"
2021-2025_54,2021-2025,"[('viral',)]","[('> pa_advmod',)]"
2021-2025_55,2021-2025,"[('viral',)]","[('> pa_advmod',)]"
2021-2025_56,2021-2025,"[('viral',)]","[('> pa_advmod',)]"
2021-2025_57,2021-2025,"[('viral',)]","[('> pa_advmod',)]"
2021-2025_58,2021-2025,"[('viral',)]","[('> pa_advmod',)]"
2021-2025_59,2021-2025,"[('viral',)]","[('> pa_advmod',)]"
2021-2025_60,2021-2025,"[('viral',)]","[('> pa_advmod',)]"
2021-2025_61,2021-2025,"[('viral',)]","[('> pa_advmod',)]"
2021-2025_62,2021-2025,"[('viral',)]","[('> pa_advmod',)]"
2021-2025_63,2021-2025,"[('viral',)]","[('> pa_advmod',)]"
2021-2025_64,2021-2025,"[('viral',)]","[('> pa_advmod',)]"
2021-2025_65,2021-2025,"[('viral',)]","[('> pa_advmod',)]"
2021-2025_66,2021-2025,"[('viral',)]","[('> pa_advmod',)]"
2021-2025_67,2021-2025,"[('viral',)]","[('> pa_advmod',)]"
2021-2025_68,2021-2025,"[('viral',)]","[('> pa_advmod',)]"
2021-2025_69,2021-2025,"[('viral',)]","[('> pa_advmod',)]"
2021-2025_70,2021-2025,"[('viral',)]","[('> pa_advmod',)]"
2021-2025_71,2021-2025,"[('viral',)]","[('> pa_advmod',)]"
2021-2025_72,2021-2025,"[('viral',)]","[('> pa_advmod',)]"
2021-2025_73,2021-2025,"[('viral',)]","[('> pa_advmod',)]"
2021-2025_74,2021-2025,"[('viral',)]","[('> pa_advmod',)]"
2021-2025_75,2021-2025,"[('viral',)]","[('> pa_advmod',)]"
2021-2025_76,2021-2025,"[('viral',)]","[('> pa_advmod',)]"
2021-2025_77,2021-2025,"[('viral',)]","[('> pa_advmod',)]"
2021-2025_78,2021-2025,"[('viral',)]","[('> pa_advmod',)]"
2021-2025_79,2021-2025,"[('viral',)]","[('> pa_advmod',)]"
2021-2025_80,2021-2025,"[('viral',)]","[('> pa_advmod',)]"
2021-2025_81,2021-2025,"[('viral',)]","[('> pa_advmod',)]"
2021-2025_82,2021-2025,"[('viral',)]","[('> pa_advmod',)]"
2021-2025_83,2021-2025,"[('viral',)]","[('> pa_advmod',)]"
2021-2025_84,2021-2025,"[('viral',)]","[('> pa_advmod',)]"
2021-2025_85,2021-2025,"[('viral',)]","[('> pa_advmod',)]"
2021-2025_86,2021-2025,"[('viral',)]","[('> pa_advmod',)]"
2021-2025_87,2021-2025,"[('viral',)]","[('> pa_advmod',)]"
2021-2025_88,2021-2025,"[('viral',)]","[('> pa_advmod',)]"
2021-2025_89,2021-2025,"[('viral',)]","[('> pa_advmod',)]"
2021-2025_90,2021-2025,"[('viral',)]","[('> pa_advmod',)]"
2021-2025_91,2021-2025,"[('viral',)]","[('> pa_advmod',)]"
2021-2025_92,2021-2025,"[('viral',)]","[('> pa_advmod',)]"
2021-2025_93,2021-2025,"[('viral',)]","[('> pa_advmod',)]"
2021-2025_94,2021-2025,"[('viral',)]","[('> pa_advmod',)]"
2021-2025_95,2021-2025,"[('viral',)]","[('> pa_advmod',)]"
2021-2025_96,2021-2025,"[('viral',)]","[('> pa_advmod',)]"
2021-2025_97,2021-2025,"[('viral',)]","[('> pa_advmod',)]"
2021-2025_98,2021-2025,"[('viral',)]","[('> pa_advmod',)]"
2021-2025_99,2021-2025,"[('viral',)]","[('> pa_advmod',)]"
2021-2025_100,2021-2025,"[('viral',)]","[('> pa_advmod',)]"
2021-2025_101,2021-2025,"[('viral',)]","[('> pa_advmod',)]"
2021-2025_102,2021-2025,"[('viral',)]","[('> pa_advmod',)]"
2021-2025_103,2021-2025,"[('viral',)]","[('> pa_advmod',)]"
2021-2025_104,2021-2025,"[('viral',)]","[('> pa_advmod',)]"
2021-2025_105,2021-2025,"[('viral',)]","[('> pa_advmod',)]"
2021-2025_106,2021-2025,"[('viral',)]","[('> pa_advmod',)]"
2021-2025_107,2021-2025,"[('viral',)]","[('> pa_advmod',)]"
2021-2025_108,2021-2025,"[('viral',)]","[('> pa_advmod',)]"
2021-2025_109,2021-2025,"[('viral',)]","[('> pa_advmod',)]"
2021-2025_110,2021-2025,"[('viral',)]","[('> pa_advmod',)]"
2021-2025_111,2021-2025,"[('viral',)]","[('> pa_advmod',)]"
2021-2025_112,2021-2025,"[('viral',)]","[('> pa_advmod',)]"
2021-2025_113,2021-2025,"[('viral',)]","[('> pa_advmod',)]"
2021-2025_114,2021-2025,"[('viral',)]","[('> pa_advmod',)]"
2021-2025_115,2021-2025,"[('viral',)]","[('> pa_advmod',)]"
2021-2025_116,2021-2025,"[('viral',)]","[('> pa_advmod',)]"
2021-2025_117,2021-2025,"[('viral',)]","[('> pa_advmod',)]"
2021-2025_118,2021-2025,"[('viral',)]","[('> pa_advmod',)]"
2021-2025_119,2021-2025,"[('viral',)]","[('> pa_advmod',)]"
2021-2025_120,2021-2025,"[('viral',)]","[('> pa_advmod',)]"
2021-2025_121,2021-2025,"[('viral',)]","[('> pa_advmod',)]"
2021-2025_122,2021-2025,"[('viral',)]","[('> pa_advmod',)]"
2021-2025_123,2021-2025,"[('viral',)]","[('> pa_advmod',)]"
2021-2025_124,2021-2025,"[('viral',)]","[('> pa_advmod',)]"
2021-2025_125,2021-2025,"[('viral',)]","[('> pa_advmod',)]"
2021-2025_126,2021-2025,"[('viral',)]","[('> pa_advmod',)]"
2021-2025_127,2021-2025,"[('viral',)]","[('> pa_advmod',)]"
2021-2025_128,2021-2025,"[('viral',)]","[('> pa_advmod',)]"
2021-2025_129,2021-2025,"[('viral',)]","[('> pa_advmod',)]"
2021-2025_130,2021-2025,"[('viral',)]","[('> pa_advmod',)]"
2021-2025_131,2021-2025,"[('viral',)]","[('> pa_advmod',)]"
2021-2025_132,2021-2025,"[('viral',)]","[('> pa_advmod',)]"
2021-2025_133,2021-2025,"[('viral',)]","[('> pa_advmod',)]"
2021-2025_134,2021-2025,"[('viral',)]","[('> pa_advmod',)]"
2021-2025_135,2021-2025,"[('viral',)]","[('> pa_advmod',)]"
2021-2025_136,2021-2025,"[('viral',)]","[('> pa_advmod',)]"
2021-2025_137,2021-2025,"[('viral',)]","[('> pa_advmod',)]"
2021-2025_138,2021-2025,"[('viral',)]","[('> pa_advmod',)]"
2021-2025_139,2021-2025,"[('viral',)]","[('> pa_advmod',)]"
2021-2025_140,2021-2025,"[('viral',)]","[('> pa_advmod',)]"
2021-2025_141,2021-2025,"[('viral',)]","[('> pa_advmod',)]"
2021-2025_142,2021-2025,"[('viral',)]","[('> pa_advmod',)]"
2021-2025_143,2021-2025,"[('viral',)]","[('> pa_advmod',)]"
2021-2025_144,2021-2025,"[('viral',)]","[('> pa_advmod',)]"
2021-2025_145,2021-2025,"[('viral',)]","[('> pa_advmod',)]"
2021-2025_146,2021-2025,"[('viral',)]","[('> pa_advmod',)]"
2021-2025_147,2021-2025,"[('viral',)]","[('> pa_advmod',)]"
2021-2025_148,2021-2025,"[('viral',)]","[('> pa_advmod',)]"
2021-2025_149,2021-2025,"[('viral',)]","[('> pa_advmod',)]"
2021-2025_150,2021-2025,"[('viral',)]","[('> pa_advmod',)]"
2021-2025_151,2021-2025,"[('viral',)]","[('> pa_advmod',)]"
2021-2025_152,2021-2025,"[('viral',)]","[('> pa_advmod',)]"
2021-2025_153,2021-2025,"[('viral',)]","[('> pa_advmod',)]"
2021-2025_154,2021-2025,"[('viral',)]","[('> pa_advmod',)]"
2021-2025_155,2021-2025,"[('viral',)]","[('> pa_advmod',)]"
2021-2025_156,2021-2025,"[('viral',)]","[('> pa_advmod',)]"
2021-2025_157,2021-2025,"[('viral',)]","[('> pa_advmod',)]"
2021-2025_158,2021-2025,"[('viral',)]","[('> pa_advmod',)]"
2021-2025_159,2021-2025,"[('viral',)]","[('> pa_advmod',)]"
2021-2025_160,2021-2025,"[('viral',)]","[('> pa_advmod',)]"
2021-2025_161,2021-2025,"[('viral',)]","[('> pa_advmod',)]"
2021-2025_162,2021-2025,"[('viral',)]","[('> pa_advmod',)]"
2021-2025_163,2021-2025,"[('viral',)]","[('> pa_advmod',)]"
2021-2025_164,2021-2025,"[('viral',)]","[('> pa_advmod',)]"
2021-2025_165,2021-2025,"[('viral',)]","[('> pa_advmod',)]"
2021-2025_166,2021-2025,"[('viral',)]","[('> pa_advmod',)]"
2021-2025_167,2021-2025,"[('viral',)]","[('> pa_advmod',)]"
2021-2025_168,2021-2025,"[('viral',)]","[('> pa_advmod',)]"
2021-2025_169,2021-2025,"[('viral',)]","[('> pa_advmod',)]"
2021-2025_170,2021-2025,"[('viral',)]","[('> pa_advmod',)]"
2021-2025_171,2021-2025,"[('viral',)]","[('> pa_advmod',)]"
2021-2025_172,2021-2025,"[('viral',)]","[('> pa_advmod',)]"
2021-2025_173,2021-2025,"[('viral',)]","[('> pa_advmod',)]"
2021-2025_174,2021-2025,"[('viral',)]","[('> pa_advmod',)]"
2021-2025_175,2021-2025,"[('viral',)]","[('> pa_advmod',)]"
2021-2025_176,2021-2025,"[('viral',)]","[('> pa_advmod',)]"
2021-2025_177,2021-2025,"[('viral',)]","[('> pa_advmod',)]"
2021-2025_178,2021-2025,"[('viral',)]","[('> pa_advmod',)]"
2021-2025_179,2021-2025,"[('viral',)]","[('> pa_advmod',)]"
2021-2025_180,2021-2025,"[('viral',)]","[('> pa_advmod',)]"
2021-2025_181,2021-2025,"[('viral',)]","[('> pa_advmod',)]"
2021-2025_182,2021-2025,"[('viral',)]","[('> pa_advmod',)]"
2021-2025_183,2021-2025,"[('viral',)]","[('> pa_advmod',)]"
2021-2025_184,2021-2025,"[('viral',)]","[('> pa_advmod',)]"
2021-2025_185,2021-2025,"[('viral',)]","[('> pa_advmod',)]"
2021-2025_186,2021-2025,"[('viral',)]","[('> pa_advmod',)]"
2021-2025_187,2021-2025,"[('viral',)]","[('> pa_advmod',)]"
2021-2025_188,2021-2025,"[('viral',)]","[('> pa_advmod',)]"
2021-2025_189,2021-2025,"[('viral',)]","[('> pa_advmod',)]"
2021-2025_190,2021-2025,"[('viral',)]","[('> pa_advmod',)]"
2021-2025_191,2021-2025,"[('viral',)]","[('> pa_advmod',)]"
2021-2025_192,2021-2025,"[('viral',)]","[('> pa_advmod',)]"
2021-2025_193,2021-2025,"[('viral',)]","[('> pa_advmod',)]"
2021-2025_194,2021-2025,"[('viral',)]","[('> pa_advmod',)]"
2021-2025_195,2021-2025,"[('viral',)]","[('> pa_advmod',)]"
2021-2025_196,2021-2025,"[('viral',)]","[('> pa_advmod',)]"
2021-2025_197,2021-2025,"[('viral',)]","[('> pa_advmod',)]"
2021-2025_198,2021-2025,"[('viral',)]","[('> pa_advmod',)]"
2021-2025_199,2021-2025,"[('viral',)]","[('> pa_advmod',)]"
2021-2025_200,2021-2025,"[('viral',)]","[('> pa_advmod',)]"
2021-2025_201,2021-2025,"[('viral',)]","[('> pa_advmod',)]"
2021-2025_202,2021-2025,"[('viral',)]","[('> pa_advmod',)]"
2021-2025_203,2021-2025,"[('viral',)]","[('> pa_advmod',)]"
2021-2025_204,2021-2025,"[('viral',)]","[('> pa_advmod',)]"
2021-2025_205,2021-2025,"[('viral',)]","[('> pa_advmod',)]"
2021-2025_206,2021-2025,"[('viral',)]","[('> pa_advmod',)]"
2021-2025_207,2021-2025,"[('viral',)]","[('> pa_advmod',)]"
2021-2025_208,2021-2025,"[('viral',)]","[('> pa_advmod',)]"
2021-2025_209,2021-2025,"[('viral',)]","[('> pa_advmod',)]"
2021-2025_210,2021-2025,"[('viral',)]","[('> pa_advmod',)]"
2021-2025_211,2021-2025,"[('viral',)]","[('> pa_advmod',)]"
2021-2025_212,2021-2025,"[('viral',)]","[('> pa_advmod',)]"
2021-2025_213,2021-2025,"[('viral',)]","[('> pa_advmod',)]"
2021-2025_214,2021-2025,"[('viral',)]","[('> pa_advmod',)]"
2021-2025_215,2021-2025,"[('viral',)]","[('> pa_advmod',)]"
2021-2025_216,2021-2025,"[('viral',)]","[('> pa_advmod',)]"
2021-2025_217,2021-2025,"[('viral',)]","[('> pa_advmod',)]"
2021-2025_218,2021-2025,"[('viral',)]","[('> pa_advmod',)]"
2021-2025_219,2021-2025,"[('viral',)]","[('> pa_advmod',)]"
2021-2025_220,2021-2025,"[('viral',)]","[('> pa_advmod',)]"
2021-2025_221,2021-2025,"[('viral',)]","[('> pa_advmod',)]"
2021-2025_222,2021-2025,"[('viral',)]","[('> pa_advmod',)]"
2021-2025_223,2021-2025,"[('viral',)]","[('> pa_advmod',)]"
2021-2025_224,2021-2025,"[('viral',)]","[('> pa_advmod',)]"
2021-2025_225,2021-2025,"[('viral',)]","[('> pa_advmod',)]"
2021-2025_226,2021-2025,"[('viral',)]","[('> pa_advmod',)]"
2021-2025_227,2021-2025,"[('viral',)]","[('> pa_advmod',)]"
2021-2025_228,2021-2025,"[('viral',)]","[('> pa_advmod',)]"
2021-2025_229,2021-2025,"[('viral',)]","[('> pa_advmod',)]"
2021-2025_230,2021-2025,"[('viral',)]","[('> pa_advmod',)]"
2021-2025_231,2021-2025,"[('viral',)]","[('> pa_advmod',)]"
2021-2025_232,2021-2025,"[('viral',)]","[('> pa_advmod',)]"
2021-2025_233,2021-2025,"[('viral',)]","[('> pa_advmod',)]"
2021-2025_234,2021-2025,"[('viral',)]","[('> pa_advmod',)]"
2021-2025_235,2021-2025,"[('viral',)]","[('> pa_advmod',)]"
2021-2025_236,2021-2025,"[('viral',)]","[('> pa_advmod',)]"
2021-2025_237,2021-2025,"[('viral',)]","[('> pa_advmod',)]"
2021-2025_238,2021-2025,"[('viral',)]","[('> pa_advmod',)]"
2021-2025_239,2021-2025,"[('viral',)]","[('> pa_advmod',)]"
2021-2025_240,2021-2025,"[('viral',)]","[('> pa_advmod',)]"
2021-2025_241,2021-2025,"[('viral',)]","[('> pa_advmod',)]"
2021-2025_242,2021-2025,"[('viral',)]","[('> pa_advmod',)]"
2021-2025_243,2021-2025,"[('viral',)]","[('> pa_advmod',)]"
2021-2025_244,2021-2025,"[('viral',)]","[('> pa_advmod',)]"
2021-2025_245,2021-2025,"[('viral',)]","[('> pa_advmod',)]"
2021-2025_246,2021-2025,"[('viral',)]","[('> pa_advmod',)]"
2021-2025_247,2021-2025,"[('viral',)]","[('> pa_advmod',)]"
2021-2025_248,2021-2025,"[('viral',)]","[('> pa_advmod',)]"
2021-2025_249,2021-2025,"[('viral',)]","[('> pa_advmod',)]"
2021-2025_250,2021-2025,"[('viral',)]","[('> pa_advmod',)]"
2021-2025_251,2021-2025,"[('viral',)]","[('> pa_advmod',)]"
2021-2025_252,2021-2025,"[('viral',)]","[('> pa_advmod',)]"
2021-2025_253,2021-2025,"[('viral',)]","[('> pa_advmod',)]"
2021-2025_254,2021-2025,"[('viral',)]","[('> pa_advmod',)]"
2021-2025_255,2021-2025,"[('viral',)]","[('> pa_advmod',)]"
2021-2025_256,2021-2025,"[('viral',)]","[('> pa_advmod',)]"
2021-2025_257,2021-2025,"[('viral',)]","[('> pa_advmod',)]"
2021-2025_258,2021-2025,"[('viral',)]","[('> pa_advmod',)]"
2021-2025_259,2021-2025,"[('viral',)]","[('> pa_advmod',)]"
2021-2025_260,2021-2025,"[('viral',)]","[('> pa_advmod',)]"
2021-2025_261,2021-2025,"[('viral',)]","[('> pa_advmod',)]"
2021-2025_262,2021-2025,"[('viral',)]","[('> pa_advmod',)]"
2021-2025_263,2021-2025,"[('viral',)]","[('> pa_advmod',)]"
2021-2025_264,2021-2025,"[('viral',)]","[('> pa_advmod',)]"
2021-2025_265,2021-2025,"[('viral',)]","[('> pa_advmod',)]"
2021-2025_266,2021-2025,"[('viral',)]","[('> pa_advmod',)]"
2021-2025_267,2021-2025,"[('viral',)]","[('> pa_advmod',)]"
2021-2025_268,2021-2025,"[('viral',)]","[('> pa_advmod',)]"
2021-2025_269,2021-2025,"[('viral',)]","[('> pa_advmod',)]"
2021-2025_270,2021-2025,"[('viral',)]","[('> pa_advmod',)]"
2021-2025_271,2021-2025,"[('viral',)]","[('> pa_advmod',)]"
2021-2025_272,2021-2025,"[('viral',)]","[('> pa_advmod',)]"
2021-2025_273,2021-2025,"[('viral',)]","[('> pa_advmod',)]"
2021-2025_274,2021-2025,"[('viral',)]","[('> pa_advmod',)]"
2021-2025_275,2021-2025,"[('viral',)]","[('> pa_advmod',)]"
2021-2025_276,2021-2025,"[('viral',)]","[('> pa_advmod',)]"
2021-2025_277,2021-2025,"[('viral',)]","[('> pa_advmod',)]"
2021-2025_278,2021-2025,"[('viral',)]","[('> pa_advmod',)]"
2021-2025_279,2021-2025,"[('viral',)]","[('> pa_advmod',)]"
2021-2025_280,2021-2025,"[('viral',)]","[('> pa_advmod',)]"
2021-2025_281,2021-2025,"[('viral',)]","[('> pa_advmod',)]"
2021-2025_282,2021-2025,"[('viral',)]","[('> pa_advmod',)]"
2021-2025_283,2021-2025,"[('viral',)]","[('> pa_advmod',)]"
2021-2025_284,2021-2025,"[('viral',)]","[('> pa_advmod',)]"
2021-2025_285,2021-2025,"[('viral',)]","[('> pa_advmod',)]"
2021-2025_286,2021-2025,"[('viral',)]","[('> pa_advmod',)]"
2021-2025_287,2021-2025,"[('viral',)]","[('> pa_advmod',)]"
2021-2025_288,2021-2025,"[('viral',)]","[('> pa_advmod',)]"
2021-2025_289,2021-2025,"[('viral',)]","[('> pa_advmod',)]"
2021-2025_290,2021-2025,"[('viral',)]","[('> pa_advmod',)]"
2021-2025_291,2021-2025,"[('viral',)]","[('> pa_advmod',)]"
2021-2025_292,2021-2025,"[('viral',)]","[('> pa_advmod',)]"
2021-2025_293,2021-2025,"[('viral',)]","[('> pa_advmod',)]"
2021-2025_294,2021-2025,"[('viral',)]","[('> pa_advmod',)]"
2021-2025_295,2021-2025,"[('viral',)]","[('> pa_advmod',)]"
2021-2025_296,2021-2025,"[('viral',)]","[('> pa_advmod',)]"
2021-2025_297,2021-2025,"[('viral',)]","[('> pa_advmod',)]"
2021-2025_298,2021-2025,"[('viral',)]","[('> pa_advmod',)]"
2021-2025_299,2021-2025,"[('viral',)]","[('> pa_advmod',)]"
2021-2025_300,2021-2025,"[('viral',)]","[('> pa_advmod',)]"
2021-2025_301,2021-2025,"[('viral',)]","[('> pa_advmod',)]"
2021-2025_302,2021-2025,"[('viral',)]","[('> pa_advmod',)]"
2021-2025_303,2021-2025,"[('viral',)]","[('> pa_advmod',)]"
2021-2025_304,2021-2025,"[('viral',)]","[('> pa_advmod',)]"
2021-2025_305,2021-2025,"[('viral',)]","[('> pa_advmod',)]"
2021-2025_306,2021-2025,"[('viral',)]","[('> pa_advmod',)]"
2021-2025_307,2021-2025,"[('viral',)]","[('> pa_advmod',)]"
2021-2025_308,2021-2025,"[('viral',)]","[('> pa_advmod',)]"
2021-2025_309,2021-2025,"[('viral',)]","[('> pa_advmod',)]"
2021-2025_310,2021-2025,"[('viral',)]","[('> pa_advmod',)]"
2021-2025_311,2021-2025,"[('viral',)]","[('> pa_advmod',)]"
2021-2025_312,2021-2025,"[('viral',)]","[('> pa_advmod',)]"
2021-2025_313,2021-2025,"[('viral',)]","[('> pa_advmod',)]"
2021-2025_314,2021-2025,"[('viral',)]","[('> pa_advmod',)]"
2021-2025_315,2021-2025,"[('viral',)]","[('> pa_advmod',)]"
2021-2025_316,2021-2025,"[('viral',)]","[('> pa_advmod',)]"
2021-2025_317,2021-2025,"[('viral',)]","[('> pa_advmod',)]"
2021-2025_318,2021-2025,"[('viral',)]","[('> pa_advmod',)]"
2021-2025_319,2021-2025,"[('viral',)]","[('> pa_advmod',)]"
2021-2025_320,2021-2025,"[('viral',)]","[('> pa_advmod',)]"
2021-2025_321,2021-2025,"[('viral',)]","[('> pa_advmod',)]"
2021-2025_322,2021-2025,"[('viral',)]","[('> pa_advmod',)]"
2021-2025_323,2021-2025,"[('viral',)]","[('> pa_advmod',)]"
2021-2025_324,2021-2025,"[('viral',)]","[('> pa_advmod',)]"
2021-2025_325,2021-2025,"[('viral',)]","[('> pa_advmod',)]"
2021-2025_326,2021-2025,"[('viral',)]","[('> pa_advmod',)]"
2021-2025_327,2021-2025,"[('viral',)]","[('> pa_advmod',)]"
2021-2025_328,2021-2025,"[('viral',)]","[('> pa_advmod',)]"
2021-2025_329,2021-2025,"[('viral',)]","[('> pa_advmod',)]"
2021-2025_330,2021-2025,"[('viral',)]","[('> pa_advmod',)]"
2021-2025_331,2021-2025,"[('viral',)]","[('> pa_advmod',)]"
2021-2025_332,2021-2025,"[('viral',)]","[('> pa_advmod',)]"
2021-2025_333,2021-2025,"[('viral',)]","[('> pa_advmod',)]"
2021-2025_334,2021-2025,"[('viral',)]","[('> pa_advmod',)]"
2021-2025_335,2021-2025,"[('viral',)]","[('> pa_advmod',)]"
2021-2025_336,2021-2025,"[('viral',)]","[('> pa_advmod',)]"
2021-2025_337,2021-2025,"[('viral',)]","[('> pa_advmod',)]"
2021-2025_338,2021-2025,"[('viral',)]","[('> pa_advmod',)]"
2021-2025_339,2021-2025,"[('viral',)]","[('> pa_advmod',)]"
2021-2025_340,2021-2025,"[('viral',)]","[('> pa_advmod',)]"
2021-2025_341,2021-2025,"[('viral',)]","[('> pa_advmod',)]"
2021-2025_342,2021-2025,"[('viral',)]","[('> pa_advmod',)]"
2021-2025_343,2021-2025,"[('viral',)]","[('> pa_advmod',)]"
2021-2025_344,2021-2025,"[('viral',)]","[('> pa_advmod',)]"
2021-2025_345,2021-2025,"[('viral',)]","[('> pa_advmod',)]"
2021-2025_346,2021-2025,"[('viral',)]","[('> pa_advmod',)]"
2021-2025_347,2021-2025,"[('viral',)]","[('> pa_advmod',)]"
2021-2025_348,2021-2025,"[('viral',)]","[('> pa_advmod',)]"
2021-2025_349,2021-2025,"[('viral',)]","[('> pa_advmod',)]"
2021-2025_350,2021-2025,"[('viral',)]","[('> pa_advmod',)]"
2021-2025_351,2021-2025,"[('viral',)]","[('> pa_advmod',)]"
2021-2025_352,2021-2025,"[('viral',)]","[('> pa_advmod',)]"
2021-2025_353,2021-2025,"[('viral',)]","[('> pa_advmod',)]"
2021-2025_354,2021-2025,"[('viral',)]","[('> pa_advmod',)]"
2021-2025_355,2021-2025,"[('viral',)]","[('> pa_advmod',)]"
2021-2025_356,2021-2025,"[('viral',)]","[('> pa_advmod',)]"
2021-2025_357,2021-2025,"[('viral',)]","[('> pa_advmod',)]"
2021-2025_358,2021-2025,"[('viral',)]","[('> pa_advmod',)]"
2021-2025_359,2021-2025,"[('viral',)]","[('> pa_advmod',)]"
2021-2025_360,2021-2025,"[('viral',)]","[('> pa_advmod',)]"
2021-2025_361,2021-2025,"[('viral',)]","[('> pa_advmod',)]"
2021-2025_362,2021-2025,"[('viral',)]","[('> pa_amod',)]"
2021-2025_363,2021-2025,"[('viral',)]","[('> pa_amod',)]"
2021-2025_364,2021-2025,"[('viral',)]","[('> pa_amod',)]"
2021-2025_365,2021-2025,"[('viral',)]","[('> pa_amod',)]"
2021-2025_366,2021-2025,"[('viral',)]","[('> pa_amod',)]"
2021-2025_367,2021-2025,"[('viral',)]","[('> pa_amod',)]"
2021-2025_368,2021-2025,"[('viral',)]","[('> pa_amod',)]"
2021-2025_369,2021-2025,"[('viral',)]","[('> pa_amod',)]"
2021-2025_370,2021-2025,"[('viral',)]","[('> pa_amod',)]"
2021-2025_371,2021-2025,"[('viral',)]","[('> pa_amod',)]"
2021-2025_372,2021-2025,"[('viral',)]","[('> pa_amod',)]"
2021-2025_373,2021-2025,"[('viral',)]","[('> pa_amod',)]"
2021-2025_374,2021-2025,"[('viral',)]","[('> pa_amod',)]"
2021-2025_375,2021-2025,"[('viral',)]","[('> pa_amod',)]"
2021-2025_376,2021-2025,"[('viral',)]","[('> pa_amod',)]"
2021-2025_377,2021-2025,"[('viral',)]","[('> pa_amod',)]"
2021-2025_378,2021-2025,"[('viral',)]","[('> pa_amod',)]"
2021-2025_379,2021-2025,"[('viral',)]","[('> pa_amod',)]"
2021-2025_380,2021-2025,"[('viral',)]","[('> pa_amod',)]"
2021-2025_381,2021-2025,"[('viral',)]","[('> pa_amod',)]"
2021-2025_382,2021-2025,"[('viral',)]","[('> pa_amod',)]"
2021-2025_383,2021-2025,"[('viral',)]","[('> pa_amod',)]"
2021-2025_384,2021-2025,"[('viral',)]","[('> pa_amod',)]"
2021-2025_385,2021-2025,"[('viral',)]","[('> pa_amod',)]"
2021-2025_386,2021-2025,"[('viral',)]","[('> pa_amod',)]"
2021-2025_387,2021-2025,"[('viral',)]","[('> pa_amod',)]"
2021-2025_388,2021-2025,"[('viral',)]","[('> pa_amod',)]"
2021-2025_389,2021-2025,"[('viral',)]","[('> pa_amod',)]"
2021-2025_390,2021-2025,"[('viral',)]","[('> pa_amod',)]"
2021-2025_391,2021-2025,"[('viral',)]","[('> pa_amod',)]"
2021-2025_392,2021-2025,"[('viral',)]","[('> pa_amod',)]"
2021-2025_393,2021-2025,"[('viral',)]","[('> pa_amod',)]"
2021-2025_394,2021-2025,"[('viral',)]","[('> pa_amod',)]"
2021-2025_395,2021-2025,"[('viral',)]","[('> pa_amod',)]"
2021-2025_396,2021-2025,"[('viral',)]","[('> pa_amod',)]"
2021-2025_397,2021-2025,"[('viral',)]","[('> pa_amod',)]"
2021-2025_398,2021-2025,"[('viral',)]","[('> pa_amod',)]"
2021-2025_399,2021-2025,"[('viral',)]","[('> pa_amod',)]"
2021-2025_400,2021-2025,"[('viral',)]","[('> pa_amod',)]"
2021-2025_401,2021-2025,"[('viral',)]","[('> pa_amod',)]"
2021-2025_402,2021-2025,"[('viral',)]","[('> pa_amod',)]"
2021-2025_403,2021-2025,"[('viral',)]","[('> pa_amod',)]"
2021-2025_404,2021-2025,"[('viral',)]","[('> pa_amod',)]"
2021-2025_405,2021-2025,"[('viral',)]","[('> pa_amod',)]"
2021-2025_406,2021-2025,"[('viral',)]","[('> pa_amod',)]"
2021-2025_407,2021-2025,"[('viral',)]","[('> pa_amod',)]"
2021-2025_408,2021-2025,"[('viral',)]","[('> pa_amod',)]"
2021-2025_409,2021-2025,"[('viral',)]","[('> pa_amod',)]"
2021-2025_410,2021-2025,"[('viral',)]","[('> pa_amod',)]"
2021-2025_411,2021-2025,"[('viral',)]","[('> pa_amod',)]"
2021-2025_412,2021-2025,"[('viral',)]","[('> pa_amod',)]"
2021-2025_413,2021-2025,"[('viral',)]","[('> pa_amod',)]"
2021-2025_414,2021-2025,"[('viral',)]","[('> pa_amod',)]"
2021-2025_415,2021-2025,"[('viral',)]","[('> pa_amod',)]"
2021-2025_416,2021-2025,"[('viral',)]","[('> pa_amod',)]"
2021-2025_417,2021-2025,"[('viral',)]","[('> pa_amod',)]"
2021-2025_418,2021-2025,"[('viral',)]","[('> pa_amod',)]"
2021-2025_419,2021-2025,"[('viral',)]","[('> pa_amod',)]"
2021-2025_420,2021-2025,"[('viral',)]","[('> pa_amod',)]"
2021-2025_421,2021-2025,"[('viral',)]","[('> pa_amod',)]"
2021-2025_422,2021-2025,"[('viral',)]","[('> pa_amod',)]"
2021-2025_423,2021-2025,"[('viral',)]","[('> pa_amod',)]"
2021-2025_424,2021-2025,"[('viral',)]","[('> pa_amod',)]"
2021-2025_425,2021-2025,"[('viral',)]","[('> pa_amod',)]"
2021-2025_426,2021-2025,"[('viral',)]","[('> pa_amod',)]"
2021-2025_427,2021-2025,"[('viral',)]","[('> pa_amod',)]"
2021-2025_428,2021-2025,"[('viral',)]","[('> pa_amod',)]"
2021-2025_429,2021-2025,"[('viral',)]","[('> pa_amod',)]"
2021-2025_430,2021-2025,"[('viral',)]","[('> pa_amod',)]"
2021-2025_431,2021-2025,"[('viral',)]","[('> pa_amod',)]"
2021-2025_432,2021-2025,"[('viral',)]","[('> pa_amod',)]"
2021-2025_433,2021-2025,"[('viral',)]","[('> pa_amod',)]"
2021-2025_434,2021-2025,"[('viral',)]","[('> pa_amod',)]"
2021-2025_435,2021-2025,"[('viral',)]","[('> pa_amod',)]"
2021-2025_436,2021-2025,"[('viral',)]","[('> pa_amod',)]"
2021-2025_437,2021-2025,"[('viral',)]","[('> pa_amod',)]"
2021-2025_438,2021-2025,"[('viral',)]","[('> pa_amod',)]"
2021-2025_439,2021-2025,"[('viral',)]","[('> pa_amod',)]"
2021-2025_440,2021-2025,"[('viral',)]","[('> pa_amod',)]"
2021-2025_441,2021-2025,"[('viral',)]","[('> pa_amod',)]"
2021-2025_442,2021-2025,"[('viral',)]","[('> pa_amod',)]"
2021-2025_443,2021-2025,"[('viral',)]","[('> pa_amod',)]"
2021-2025_444,2021-2025,"[('viral',)]","[('> pa_amod',)]"
2021-2025_445,2021-2025,"[('viral',)]","[('> pa_amod',)]"
2021-2025_446,2021-2025,"[('viral',)]","[('> pa_amod',)]"
2021-2025_447,2021-2025,"[('viral',)]","[('> pa_amod',)]"
2021-2025_448,2021-2025,"[('viral',)]","[('> pa_amod',)]"
2021-2025_449,2021-2025,"[('viral',)]","[('> pa_amod',)]"
2021-2025_450,2021-2025,"[('viral',)]","[('> pa_amod',)]"
2021-2025_451,2021-2025,"[('viral',)]","[('> pa_amod',)]"
2021-2025_452,2021-2025,"[('viral',)]","[('> pa_amod',)]"
2021-2025_453,2021-2025,"[('viral',)]","[('> pa_amod',)]"
2021-2025_454,2021-2025,"[('viral',)]","[('> pa_amod',)]"
2021-2025_455,2021-2025,"[('viral',)]","[('> pa_amod',)]"
2021-2025_456,2021-2025,"[('viral',)]","[('> pa_amod',)]"
2021-2025_457,2021-2025,"[('viral',)]","[('> pa_amod',)]"
2021-2025_458,2021-2025,"[('viral',)]","[('> pa_amod',)]"
2021-2025_459,2021-2025,"[('viral',)]","[('> pa_amod',)]"
2021-2025_460,2021-2025,"[('viral',)]","[('> pa_amod',)]"
2021-2025_461,2021-2025,"[('viral',)]","[('> pa_amod',)]"
2021-2025_462,2021-2025,"[('viral',)]","[('> pa_amod',)]"
2021-2025_463,2021-2025,"[('viral',)]","[('> pa_amod',)]"
2021-2025_464,2021-2025,"[('viral',)]","[('> pa_amod',)]"
2021-2025_465,2021-2025,"[('viral',)]","[('> pa_amod',)]"
2021-2025_466,2021-2025,"[('viral',)]","[('> pa_amod',)]"
2021-2025_467,2021-2025,"[('viral',)]","[('> pa_amod',)]"
2021-2025_468,2021-2025,"[('viral',)]","[('> pa_amod',)]"
2021-2025_469,2021-2025,"[('viral',)]","[('> pa_amod',)]"
2021-2025_470,2021-2025,"[('viral',)]","[('> pa_amod',)]"
2021-2025_471,2021-2025,"[('viral',)]","[('> pa_amod',)]"
2021-2025_472,2021-2025,"[('viral',)]","[('> pa_amod',)]"
2021-2025_473,2021-2025,"[('viral',)]","[('> pa_amod',)]"
2021-2025_474,2021-2025,"[('viral',)]","[('> pa_amod',)]"
2021-2025_475,2021-2025,"[('viral',)]","[('> pa_amod',)]"
2021-2025_476,2021-2025,"[('viral',)]","[('> pa_amod',)]"
2021-2025_477,2021-2025,"[('viral',)]","[('> pa_amod',)]"
2021-2025_478,2021-2025,"[('viral',)]","[('> pa_amod',)]"
2021-2025_479,2021-2025,"[('viral',)]","[('> pa_amod',)]"
2021-2025_480,2021-2025,"[('viral',)]","[('> pa_amod',)]"
2021-2025_481,2021-2025,"[('viral',)]","[('> pa_amod',)]"
2021-2025_482,2021-2025,"[('viral',)]","[('> pa_amod',)]"
2021-2025_483,2021-2025,"[('viral',)]","[('> pa_amod',)]"
2021-2025_484,2021-2025,"[('viral',)]","[('> pa_amod',)]"
2021-2025_485,2021-2025,"[('viral',)]","[('> pa_amod',)]"
2021-2025_486,2021-2025,"[('viral',)]","[('> pa_amod',)]"
2021-2025_487,2021-2025,"[('viral',)]","[('> pa_amod',)]"
2021-2025_488,2021-2025,"[('viral',)]","[('> pa_amod',)]"
2021-2025_489,2021-2025,"[('viral',)]","[('> pa_amod',)]"
2021-2025_490,2021-2025,"[('viral',)]","[('> pa_amod',)]"
2021-2025_491,2021-2025,"[('viral',)]","[('> pa_amod',)]"
2021-2025_492,2021-2025,"[('viral',)]","[('> pa_amod',)]"
2021-2025_493,2021-2025,"[('viral',)]","[('> pa_amod',)]"
2021-2025_494,2021-2025,"[('viral',)]","[('> pa_amod',)]"
2021-2025_495,2021-2025,"[('viral',)]","[('> pa_amod',)]"
2021-2025_496,2021-2025,"[('viral',)]","[('> pa_amod',)]"
2021-2025_497,2021-2025,"[('viral',)]","[('> pa_amod',)]"
2021-2025_498,2021-2025,"[('viral',)]","[('> pa_amod',)]"
2021-2025_499,2021-2025,"[('viral',)]","[('> pa_amod',)]"
2021-2025_500,2021-2025,"[('viral',)]","[('> pa_amod',)]"
2021-2025_501,2021-2025,"[('viral',)]","[('> pa_amod',)]"
2021-2025_502,2021-2025,"[('viral',)]","[('> pa_amod',)]"
2021-2025_503,2021-2025,"[('viral',)]","[('> pa_amod',)]"
2021-2025_504,2021-2025,"[('viral',)]","[('> pa_amod',)]"
2021-2025_505,2021-2025,"[('viral',)]","[('> pa_amod',)]"
2021-2025_506,2021-2025,"[('viral',)]","[('> pa_amod',)]"
2021-2025_507,2021-2025,"[('viral',)]","[('> pa_amod',)]"
2021-2025_508,2021-2025,"[('viral',)]","[('> pa_amod',)]"
2021-2025_509,2021-2025,"[('viral',)]","[('> pa_amod',)]"
2021-2025_510,2021-2025,"[('viral',)]","[('> pa_amod',)]"
2021-2025_511,2021-2025,"[('viral',)]","[('> pa_amod',)]"
2021-2025_512,2021-2025,"[('viral',)]","[('> pa_amod',)]"
2021-2025_513,2021-2025,"[('viral',)]","[('> pa_amod',)]"
2021-2025_514,2021-2025,"[('viral',)]","[('> pa_amod',)]"
2021-2025_515,2021-2025,"[('viral',)]","[('> pa_amod',)]"
2021-2025_516,2021-2025,"[('viral',)]","[('> pa_amod',)]"
2021-2025_517,2021-2025,"[('viral',)]","[('> pa_amod',)]"
2021-2025_518,2021-2025,"[('viral',)]","[('> pa_amod',)]"
2021-2025_519,2021-2025,"[('viral',)]","[('> pa_amod',)]"
2021-2025_520,2021-2025,"[('viral',)]","[('> pa_amod',)]"
2021-2025_521,2021-2025,"[('viral',)]","[('> pa_amod',)]"
2021-2025_522,2021-2025,"[('viral',)]","[('> pa_amod',)]"
2021-2025_523,2021-2025,"[('viral',)]","[('> pa_amod',)]"
2021-2025_524,2021-2025,"[('viral',)]","[('> pa_amod',)]"
2021-2025_525,2021-2025,"[('viral',)]","[('> pa_amod',)]"
2021-2025_526,2021-2025,"[('viral',)]","[('> pa_amod',)]"
2021-2025_527,2021-2025,"[('viral',)]","[('> pa_amod',)]"
2021-2025_528,2021-2025,"[('viral',)]","[('> pa_amod',)]"
2021-2025_529,2021-2025,"[('viral',)]","[('> pa_amod',)]"
2021-2025_530,2021-2025,"[('viral',)]","[('> pa_amod',)]"
2021-2025_531,2021-2025,"[('viral',)]","[('> pa_amod',)]"
2021-2025_532,2021-2025,"[('viral',)]","[('> pa_amod',)]"
2021-2025_533,2021-2025,"[('viral',)]","[('> pa_amod',)]"
2021-2025_534,2021-2025,"[('viral',)]","[('> pa_amod',)]"
2021-2025_535,2021-2025,"[('viral',)]","[('> pa_amod',)]"
2021-2025_536,2021-2025,"[('viral',)]","[('> pa_amod',)]"
2021-2025_537,2021-2025,"[('viral',)]","[('> pa_amod',)]"
2021-2025_538,2021-2025,"[('viral',)]","[('> pa_amod',)]"
2021-2025_539,2021-2025,"[('viral',)]","[('> pa_amod',)]"
2021-2025_540,2021-2025,"[('viral',)]","[('> pa_amod',)]"
2021-2025_541,2021-2025,"[('viral',)]","[('> pa_amod',)]"
2021-2025_542,2021-2025,"[('viral',)]","[('> pa_amod',)]"
2021-2025_543,2021-2025,"[('viral',)]","[('> pa_amod',)]"
2021-2025_544,2021-2025,"[('viral',)]","[('> pa_amod',)]"
2021-2025_545,2021-2025,"[('viral',)]","[('> pa_amod',)]"
2021-2025_546,2021-2025,"[('viral',)]","[('> pa_amod',)]"
2021-2025_547,2021-2025,"[('viral',)]","[('> pa_amod',)]"
2021-2025_548,2021-2025,"[('viral',)]","[('> pa_amod',)]"
2021-2025_549,2021-2025,"[('viral',)]","[('> pa_amod',)]"
2021-2025_550,2021-2025,"[('viral',)]","[('> pa_amod',)]"
2021-2025_551,2021-2025,"[('viral',)]","[('> pa_amod',)]"
2021-2025_552,2021-2025,"[('viral',)]","[('> pa_amod',)]"
2021-2025_553,2021-2025,"[('viral',)]","[('> pa_amod',)]"
2021-2025_554,2021-2025,"[('viral',)]","[('> pa_amod',)]"
2021-2025_555,2021-2025,"[('viral',)]","[('> pa_amod',)]"
2021-2025_556,2021-2025,"[('viral',)]","[('> pa_amod',)]"
2021-2025_557,2021-2025,"[('viral',)]","[('> pa_amod',)]"
2021-2025_558,2021-2025,"[('viral',)]","[('> pa_amod',)]"
2021-2025_559,2021-2025,"[('viral',)]","[('> pa_amod',)]"
2021-2025_560,2021-2025,"[('viral',)]","[('> pa_amod',)]"
2021-2025_561,2021-2025,"[('viral',)]","[('> pa_amod',)]"
2021-2025_562,2021-2025,"[('viral',)]","[('> pa_amod',)]"
2021-2025_563,2021-2025,"[('viral',)]","[('> pa_amod',)]"
2021-2025_564,2021-2025,"[('viral',)]","[('> pa_amod',)]"
2021-2025_565,2021-2025,"[('viral',)]","[('> pa_conj',)]"
2021-2025_566,2021-2025,"[('viral',)]","[('> pa_conj',)]"
